date,narration,amount,type,source_file,category,processing_type,confidence,cleaned_narration
2023-04-03,UPI/309322026622/UPI/hardikmodi7777h/Tamilnad Mercan/AXI435af31c61d7456e827b5eedd4476102,3000.0,credit,bankstatementconverter.com.csv,Suspense,AI,40.0,hardikmodi7777h tamilnad mercan axi435af31c61d7456e827b5eedd
2023-04-03,CAM/72751ORY/CASH DEP-Other/03-04-23/7458,15500.0,credit,bankstatementconverter.com.csv,Others,Software,100.0,cam ory cash dep-other 03-04-23 7458
2023-04-03,ACH/TPCapfrst IDFC FIRST/1105450783,-2550.0,debit,bankstatementconverter.com.csv,Others,AI,60.0,ach tpcapfrst idfc first
2023-04-03,UPI/309355864730/UPI/hardikmodi7777h/Tamilnad Mercan/ICI7ef5f51ed0b843f8917a8c80d69af8e8/,-15500.0,debit,bankstatementconverter.com.csv,Suspense,AI,60.0,hardikmodi7777h tamilnad mercan ici7ef5f51ed0b843f8917a8c80d69af8e8
2023-04-03,UPI/309311159445/UPI/divyamodi361@ok/RBL/HDF 9dff52c71e4345029a672295bd7194d9,1500.0,credit,bankstatementconverter.com.csv,Suspense,Manual,0.0,divyamodi361 ok rbl hdf 9dff52c71eabd7194d9
2023-04-03,UPI/345962588731/IXIGO Train Tri/ixigo.train@ici/ICICI Bank/2PU05MCJRNK4JVW7BR2/,-1162.29,debit,bankstatementconverter.com.csv,Utilities,Software,80.0,ixigo train tri ixigo.train ici icici bank 2pu05mcjrnk4jvw7br2
2023-04-03,UPI/309376690064/NA/8107755810@payt/HDFC BANK LTD/PTM66a843edc7d246cb9b10c1ffc2b05ebb,1500.0,credit,bankstatementconverter.com.csv,Salary,Software,100.0,na payt hdfc bank ltd ptm66a843edc7d246cb9b10c1ffc2b05ebb
2023-04-03,UPI/309399387014/UPI/goibibo.payu@ax/Axis Bank Ltd./PPPL17111269262030423211715/,-1295.0,debit,bankstatementconverter.com.csv,Salary,Software,100.0,goibibo.payu ax axis bank ltd. pppl
2023-04-05,UPI/309589979073/IXIGO Train Tri/ixigo.train@ici/ICICI Bank/ICIe637c91feba346e89413749880af7a77,1162.29,credit,bankstatementconverter.com.csv,Utilities,Software,80.0,ixigo train tri ixigo.train ici icici bank icie637c91feba346eaf7a77
2023-04-06,UPI/309644171486/UPI/mab.03732202274/Axis Bank Ltd./ICI801b2f4f997840d6b38bf5c170c3bb9c/,-118.0,debit,bankstatementconverter.com.csv,Suspense,AI,50.0,mab. axis bank ltd. ici801b2f4fd6b38bf5c170c3bb9c
2023-04-06,UPI/309618376795/UPI/9821731878@payt/HDFC BANK LTD/ICIc3aa7490c3a040c0a5e75d19649acf20/,-240.0,debit,bankstatementconverter.com.csv,Salary,Software,100.0,payt hdfc bank ltd icic3aa7490c3a040c0a5e75dacf20
2023-04-07,UPI/309709114975/facewash/schavda8286@oki/Ba nk ofBaroda/ICIdc30989bd699449c8f8d24d6ad6ae14d/,-630.0,debit,bankstatementconverter.com.csv,Utilities,Software,80.0,facewash schavda8286 oki ba nk ofbaroda icidcbdc8f8d24d6ad6ae14d
2023-04-07,UPI/346398706796/UPI/hardikmodi7777h/Tamilnad Mercan/ICI7595b65df971443e87dc491684d2ea82/,-4000.0,debit,bankstatementconverter.com.csv,Suspense,AI,60.0,hardikmodi7777h tamilnad mercan ici7595b65dfe87dcd2ea82
2023-04-07,UPI/309713385222/Payment from Ph/9867780171@ybl/ICICI Bank/YBL32a54d7e07bd4770917adb9437f93701,6000.0,credit,bankstatementconverter.com.csv,Salary,Software,100.0,payment ph ybl icici bank ybl32a54d7e07bdadb9437f
2023-04-07,UPI/346305300046/Paying ixigo/ixigo.payu@axis/Axis Bank Ltd./ICIb87aa73bd6034c6e897a8e64e66137f3/,-563.06,debit,bankstatementconverter.com.csv,Salary,Software,100.0,paying ixigo ixigo.payu axis axis bank ltd. icib87aa73bd6034c6e897a8e64ef3
2023-04-10,UPI/346648266872/UPI/q680203302@ybl/Yes Bank Ltd/ICId90a4425d7754cfdada8032ad2c06297/,-185.0,debit,bankstatementconverter.com.csv,Suspense,AI,60.0,q ybl yes bank ltd icid90a4425d7754cfdada8032ad2c
2023-04-10,UPI/346671890179/UPI/q221821272@ybl/Yes Bank Ltd/ICI691ff50202094f5486cdfdbf1b38ec42/,-380.0,debit,bankstatementconverter.com.csv,Suspense,AI,50.0,q ybl yes bank ltd ici691fff5486cdfdbf1b38ec42
2023-04-15,UPI/347181535773/UPI/q950860806@ybl/Yes Bank Ltd/ICI8ef8be70733940539379a1451076dcd5/,-80.0,debit,bankstatementconverter.com.csv,Investment,Software,80.0,q ybl yes bank ltd ici8ef8beadcd5
2023-04-15,UPI/310516243607/UPI/wasnikh0@okaxis/Bank of Baroda/ICIc0f4abf611a9494789c2c1aac22efa50/,-2000.0,debit,bankstatementconverter.com.csv,Others,AI,60.0,wasnikh0 okaxis bank of baroda icic0f4abf611ac2c1aac22efa50
2023-04-17,UPI/310618755797/UPI/wasnikh0@okhdfc/Bank of Baroda/HDF3915ac006f5a4982addbae3f5da222da,2000.0,credit,bankstatementconverter.com.csv,Suspense,AI,50.0,wasnikh0 okhdfc bank of baroda hdf3915ac006f5a4982addbae3f5da222da
2023-04-17,UPI/310691464979/UPI/9152590746@okbi/Axis Bank Ltd./ICI310312c6c6bb4f4f8658126cfe6b7509/,-415.0,debit,bankstatementconverter.com.csv,Suspense,AI,50.0,okbi axis bank ltd. icic6c6bb4f4fcfe6b7509
2023-04-17,UPI/347255462374/UPI/rashmibrahmbhat/The Sutex Co.op/ICI9d0b267ef6a8480a94fb36ff9fff0818,10000.0,credit,bankstatementconverter.com.csv,Shopping,Software,80.0,rashmibrahmbhat the sutex co.op ici9d0b267ef6a8480a94fb36ff9fff0818
2023-04-17,UPI/347218261215/UPI/manasvijain1105/Canara Bank/ICIb1ef8404a20741d4a4de6646365d6c33/,-10000.0,debit,bankstatementconverter.com.csv,Suspense,AI,60.0,manasvijain1105 canara bank icib1ef8404ad4a4ded6c33
2023-04-17,UPI/347323470781/UPI/q117465190@ybl/Yes Bank Ltd/ICIc9ab3dd1ab86401887806d4f6c8c7a23/,-500.0,debit,bankstatementconverter.com.csv,Investment,Software,80.0,q ybl yes bank ltd icic9ab3dd1abd4f6c8c7a23
2023-04-17,UPI/310708303435/UPI/q108565688@ybl/Yes Bank Ltd/ICI6042f5bdb6304ff390f4cba52d8edd30/,-55.0,debit,bankstatementconverter.com.csv,Investment,Software,80.0,q ybl yes bank ltd ici6042f5bdb6304ff390f4cba52d8edd30
2023-04-19,UPI/347503828927/UPI/rajeshbhagat814/Svc co- operativ/ICIed3dacdda5e64072a25b96c4ad40b2fe/,-23.0,debit,bankstatementconverter.com.csv,Suspense,Software,80.0,rajeshbhagat814 svc co- operativ icied3dacdda5ea25b96c4ad40b2fe
2023-04-22,UPI/311257709768/UPI/shaleenmehta191/HDFC BANK LTD/HDFa426c47aac234aee8a00f08b615e1988,1500.0,credit,bankstatementconverter.com.csv,Suspense,AI,50.0,shaleenmehta191 hdfc bank ltd hdfa426c47aac234aee8a00f08b615e1988
2023-04-22,UPI/347846637942/Paying ixigo/ixigotrain.payu/HDFC BANK LTD/ICI545dac08a49c4b75bc3761bcd97b4f2f/,-835.79,debit,bankstatementconverter.com.csv,Salary,Software,100.0,paying ixigo ixigotrain.payu hdfc bank ltd ici545dac08a49c4b75bc3761bcd97b4f2f
2023-04-22,UPI/347810438620/UPI/euronetgpay.pay/ICICI Bank/ICId5580a123c3a48e89b3c2c7e09c25998/,-719.0,debit,bankstatementconverter.com.csv,Salary,Software,100.0,euronetgpay.pay icici bank icid5580a123c3a48e89b3c2c7e09c
2023-04-22,UPI/311223857911/UPI/tasneemtaily@ok/Axis Bank Ltd./ICI65425bcec7794abaa076c1b6a9b3deb0/,-110.0,debit,bankstatementconverter.com.csv,Suspense,AI,50.0,tasneemtaily ok axis bank ltd. icibcec7794abaa076c1b6a9b3deb0
2023-04-22,UPI/347853454429/UPI/tasneemtaily@ok/Axis Bank Ltd./ICI96586f6dec2a415a8d17a5c1008f4bc0/,-30.0,debit,bankstatementconverter.com.csv,Suspense,AI,60.0,tasneemtaily ok axis bank ltd. icif6dec2a415a8d17a5c1008f4bc0
2023-04-24,UPI/311322366418/UPI/paytmqr28100505/Paytm Payments /ICI089c501a56cc4156a145082e77aeb60d/,-130.0,debit,bankstatementconverter.com.csv,Salary,Software,100.0,paytmqr payments ici089c501a56cc4156ae77aeb60d
2023-04-24,UPI/311393854504/UPI/akashjain1490@o/Kotak Mahindra /AXI4b9492216f17447f80f25377d5ce51ee,2000.0,credit,bankstatementconverter.com.csv,Others,AI,40.0,akashjain1490 o kotak mahindra axi4bff80fd5ce51ee
2023-04-24,UPI/311348382577/UPI/dream11.upi@pay/Paytm Payments /PYTM3042325340666303513/,-2000.0,debit,bankstatementconverter.com.csv,Salary,Software,100.0,dream11. pay payments pytm
2023-04-24,VSI/NETFLIX /202304241616/311410599304/,-149.0,debit,bankstatementconverter.com.csv,Entertainment,Software,100.0,vsi netflix
2023-04-25,UPI/311553936501/JIO20TB00002LM1/jio@citibank/ CITI/ICI31415d5b68964acab56f7186d960422a/,-470.82,debit,bankstatementconverter.com.csv,Utilities,AI,90.0,jio20tblm1 jio citibank citi icid5bacab56f7186da
2023-04-25,UPI/311548608202/UPI/manasvijain1105/Bank of India/HDF520ad02de10f44cc9a589072372425fd,7000.0,credit,bankstatementconverter.com.csv,Suspense,AI,50.0,manasvijain1105 bank of india hdf520ad02de10f44cc9afd
2023-04-26,UPI/348202688903/UPI/schavda8286@oki/Bank of Baroda/ICIb51b8c8ed18343c4892f01d120dc98a7/,-1000.0,debit,bankstatementconverter.com.csv,Suspense,AI,50.0,schavda8286 oki bank of baroda icib51b8c8edc4892f01d120dc98a7
2023-04-26,UPI/311647977812/UPI/paytmqr28100505/Paytm Payments /ICI565f97e825ad4feca37afdb258666772/,-110.0,debit,bankstatementconverter.com.csv,Others,AI,80.0,paytmqr payments ici565f97e825ad4feca37afdb
2023-04-26,UPI/348256777581/UPI/paytmqr28100505/Paytm Payments /ICI758558ee1f4c43e4a2781759270a18f9/,-530.0,debit,bankstatementconverter.com.csv,Salary,Software,100.0,paytmqr payments iciee1f4c43e4aa18f9
2023-04-27,CAM/03481NCR/CASH DEP-Other/27-04-23/1848,20000.0,credit,bankstatementconverter.com.csv,Others,Software,100.0,cam ncr cash dep-other 27-04-23 1848
2023-04-27,NFS/MUOW1212/CASH WDL/27-04-23,-1500.0,debit,bankstatementconverter.com.csv,Others,AI,80.0,nfs muow1212 cash wdl 27-04-23
2023-04-28,MMT/IMPS/311815345485/SBIN0012617,-4000.0,debit,bankstatementconverter.com.csv,Others,AI,60.0,mmt imps sbin
2023-04-28,UPI/348443660958/UPI/7208126821@ybl/Kotak Mahindra /ICIe49a520f6c1248328f6ccc0e85255ca8/,-500.0,debit,bankstatementconverter.com.csv,Suspense,AI,50.0,ybl kotak mahindra icie49a520f6cf6ccc0eca8
2023-04-28,UPI/311857679311/UPI/alwinjohn2536@o/HDFC BANK LTD/ICI2729d32fa1bb4a829c12bc862c5717e8/,-3000.0,debit,bankstatementconverter.com.csv,Salary,Software,80.0,alwinjohn2536 o hdfc bank ltd ici2729d32fa1bb4a829c12bc862c5717e8
2023-04-28,UPI/311800877136/UPI/alwinjohn2536@o/HDFC BANK LTD/ICI9683a53a2e2549ceba84ace045fbb595/,-2000.0,debit,bankstatementconverter.com.csv,Salary,Software,80.0,alwinjohn2536 o hdfc bank ltd ici9683a53a2e2549ceba84ace045fbb595
2023-05-01,VIN/PAYTM /202305011306/312107132083/,-7160.08,debit,bankstatementconverter.com.csv,Interest Savings,Software,80.0,vin
2023-05-01,UPI/312115592315/UPI/hardikmodi7777h/Tamilnad Mercan/AXId66c32d5e5174ca7b784f6942f7e84f4,7000.0,credit,bankstatementconverter.com.csv,Suspense,AI,60.0,hardikmodi7777h tamilnad mercan axid66c32d5e5174ca7b784f6942f7e84f4
2023-05-01,UPI/348727585700/UPI/hardikmodi7777h/Tamilnad Mercan/ICIf2cfe61c25cc45e9b679724fda369d58/,-7000.0,debit,bankstatementconverter.com.csv,Suspense,AI,40.0,hardikmodi7777h tamilnad mercan icif2cfe61c25cc45e9bfda369d58
2023-05-01,UPI/312139167110/UPI/sonyvikram5112@/Federal Bank/ICI076894024cff49dba066daddc68f8eca/,-4000.0,debit,bankstatementconverter.com.csv,Suspense,AI,50.0,sonyvikram5112 federal bank icicff49dba066daddc68f8eca
2023-05-01,UPI/348694871133/UPI/hardikmodi7777h/Tamilnad Mercan/ICIb763d6cd081f42aeb5d74850fe019199/,-500.0,debit,bankstatementconverter.com.csv,Suspense,AI,60.0,hardikmodi7777h tamilnad mercan icib763d6cd081f42aeb5dfe
2023-05-01,UPI/348684551551/UPI/paytmqr28100505/Paytm Payments /ICIc0a5f74a687641f38097f7ca1056a9a1/,-45.0,debit,bankstatementconverter.com.csv,Salary,Software,100.0,paytmqr payments icic0a5f74aff7ca1056a9a1
2023-05-01,UPI/348640267142/UPI/9892631180@okbi/Axis Bank Ltd./ICI9c8ca7c788dd42d1b3582289e0f64a11/,-180.0,debit,bankstatementconverter.com.csv,Suspense,Manual,0.0,okbi axis bank ltd. ici9c8ca7c788dd42d1be0f64a11
2023-05-01,UPI/348622652225/UPI/gpay-1119055925/Axis Bank Ltd./ICI030d2cb8ac074617a7c721b606772111/,-20.0,debit,bankstatementconverter.com.csv,Suspense,Manual,0.0,- axis bank ltd. ici030d2cb8aca7c721b
2023-05-01,UPI/312065901374/UPI/divyamodi361@ok/RBL/HDF 7b7d4c1c1bdb4b5fb09e1465e8aca2ae,500.0,credit,bankstatementconverter.com.csv,Suspense,AI,50.0,divyamodi361 ok rbl hdf 7b7d4c1c1bdb4b5fb09e1465e8aca2ae
2023-05-01,UPI/348660982577/Oid20952426613@/add- money@paytm/Paytm Payments /PTM4E7C0D855F21469EB18582BBB29D8DA1,-500.0,debit,bankstatementconverter.com.csv,Salary,Software,100.0,oid add- money payments ptm4e7c0d855febbbb29d8da1
2023-05-03,UPI/312337775640/UPI/hardikmodi7777h/Tamilnad Mercan/AXI1e3f4f6ff4804b269c2fe1c5fe9ee845,100.0,credit,bankstatementconverter.com.csv,Suspense,AI,40.0,hardikmodi7777h tamilnad mercan axi1e3f4f6ff4804b269c2fe1c5fe9ee845
2023-05-03,ACH/TPCapfrst IDFC FIRST/1130949182,-2550.0,debit,bankstatementconverter.com.csv,Others,AI,60.0,ach tpcapfrst idfc first
2023-05-03,UPI/312315004593/UPI/pandeyrajan475@/Bank of Maharas/SBI7f12435098e3488d97599a2c37993749,1800.0,credit,bankstatementconverter.com.csv,Others,AI,40.0,pandeyrajan475 bank of maharas sbi7fe3488da2c
2023-05-04,UPI/349083415897/UPI Intent/cf.simpl@icici/ICICI Bank/ICI3546037b7b094e54b3ec326a9a04502f/,-516.46,debit,bankstatementconverter.com.csv,Others,AI,60.0,intent cf.simpl icici icici bank icib7b094e54b3ec326a9af
2023-05-04,UPI/349033712020/Pay To Croma Mu/bharatpe.904222/ICICI Bank/ICIa7ed767ef5304213a73cabab44bbe10e/,-104.0,debit,bankstatementconverter.com.csv,Salary,Software,100.0,pay croma mu bharatpe. icici bank icia7ed767efa73cabab44bbe10e
2023-05-04,UPI/349099723710/UPI/7304210075@ybl/Saraswat Bank/ICI17160f9967824a63955a5600f955e118/,-60.0,debit,bankstatementconverter.com.csv,Suspense,AI,50.0,ybl saraswat bank icifaa5600f955e118
2023-05-05,MMT/IMPS/312523085876/P2AMOB/LAXMIKANT /Indusind Bank,10631.0,credit,bankstatementconverter.com.csv,Others,AI,60.0,mmt imps p2amob laxmikant indusind bank
2023-05-05,UPI/349124071847/UPI/vishnu22112001-/Bank of Baroda/ICI48d13262d6eb47b89bd531b2557b221a/,-13250.0,debit,bankstatementconverter.com.csv,Suspense,AI,50.0,vishnu- bank of baroda ici48dd6eb47b89bd531b2557b221a
2023-05-05,MMT/IMPS/312520925633/Sh/Mr Salil /IDFC bank,5000.0,credit,bankstatementconverter.com.csv,Shopping,Software,80.0,mmt imps sh mr salil idfc bank
2023-05-05,UPI/312534759183/UPI/virajkhambekar0/Kotak Mahindra /ICI099098cfb1e84944b6694ae700f9f447/,-8000.0,debit,bankstatementconverter.com.csv,Others,AI,60.0,virajkhambekar0 kotak mahindra icicfb1eb6694ae700f9f447
2023-05-05,UPI/312500156476/UPI/virajkhambekar0/Kotak Mahindra /HDF47f2f59a1f9e4109821f5d00fafb7486,8000.0,credit,bankstatementconverter.com.csv,Others,AI,40.0,virajkhambekar0 kotak mahindra hdf47f2f59a1f9ef5d00fafb7486
2023-05-05,UPI/349196062903/UPI/virajkhambekar0/Kotak Mahindra /ICI4e62640e332f4160bf6459c3db8b2cbd/,-8000.0,debit,bankstatementconverter.com.csv,Others,AI,40.0,virajkhambekar0 kotak mahindra ici4ee332f4160bf6459c3db8b2cbd
2023-05-05,MMT/IMPS/312521088486/NA/SAFEXPAYTE/Axis Bank,50347.0,credit,bankstatementconverter.com.csv,Salary,Software,100.0,mmt imps na safexpayte axis bank
2023-05-05,UPI/349138653092/UPI/monika.sharma06/Bank of Baroda/ICI223b933ae4314cf99eba923e36dca9c1/,-10000.0,debit,bankstatementconverter.com.csv,Others,AI,60.0,monika.sharma06 bank of baroda ici223b933ae4314cf99eba923e36dca9c1
2023-05-05,UPI/312534151041/580IN0312523123/singarayanleo j@/RBL/ICI2b1771dd76b34e0bb9eabfd372586008/,-8999.99,debit,bankstatementconverter.com.csv,Suspense,AI,50.0,580in singarayanleo j rbl ici2b1771dd76b34e0bb9eabfd
2023-05-05,UPI/349142649695/580IN0312523029/umraaz7650r bl@a/RBL/ICI9096a8d4779748ce8065aa596ea609f8/,-7999.98,debit,bankstatementconverter.com.csv,Salary,Software,80.0,580in umraaz7650r bl a rbl ici9096a8dce8065aa596ea609f8
2023-05-05,UPI/349130456268/579IN0312523734/umraaz7650r bl@a/Amazon RBL/ICI9440a22b4a3f43e88f64558bc1de27e8/,-7999.99,debit,bankstatementconverter.com.csv,Shopping,Software,100.0,579in umraaz7650r bl a amazon rbl ici9440a22b4a3f43e88fbc1de27e8
2023-05-05,CAM/72751ORY/CASH DEP-Self/05-05-23/6041,38000.0,credit,bankstatementconverter.com.csv,Others,AI,60.0,cam ory cash dep-self 05-05-23 6041
2023-05-05,UPI/349196949118/576IN0312523706/monzom.indb @ind/INDUSIND BANK/ICI429569e7748f4c08bf53b7ca4df6bbc6/,-999.8,debit,bankstatementconverter.com.csv,Suspense,Manual,0.0,576in monzom.indb ind indusind bank icie7748f4c08bf53b7ca4df6bbc6
2023-05-05,UPI/312500034674/UPI/virajkhambekar0/Kotak Mahindra /HDF8527f88695364291b57d9983ee73f01c,8000.0,credit,bankstatementconverter.com.csv,Others,AI,40.0,virajkhambekar0 kotak mahindra hdf8527fb57d9983ee73f01c
2023-05-06,UPI/349269991760/UPI/laxmikant17@pay/INDUSIN D BANK/ICI42c2f3d301f94872a5f90e63249cb1b8/,-10000.0,debit,bankstatementconverter.com.csv,Salary,Software,100.0,laxmikant17 pay indusin d bank ici42c2f3d301fa5f90ecb1b8
2023-05-06,UPI/312622255142/UPI/kamleshmodi63@o/State Bank Of I/SBI6e6ba01d5a374efaac5d1fd9296b81d7,500.0,credit,bankstatementconverter.com.csv,Others,AI,40.0,kamleshmodi63 o state bank of i sbi6e6ba01d5a374efaac5d1fd9296b81d7
2023-05-06,UPI/312611393336/UPI/divyamodi361@ok/RBL/ICId 99e09aadec14d27b40793e55fa05271/,-2500.0,debit,bankstatementconverter.com.csv,Suspense,AI,50.0,divyamodi361 ok rbl icid 99e09aadec14d27be55fa
2023-05-06,UPI/349223004356/UPI/shankar2384@pay/INDUSIN D BANK/ICId4275a6b087749aa8a3dd57fdcbaaf42/,-631.0,debit,bankstatementconverter.com.csv,Suspense,AI,50.0,shankar2384 pay indusin d bank icid4275a6baa8a3dd57fdcbaaf42
2023-05-06,UPI/312631669246/UPI/kamleshmodi63@o/State Bank Of I/SBIc2158cab76eb480cada3f30b3ca4ae72,500.0,credit,bankstatementconverter.com.csv,Salary,Software,80.0,kamleshmodi63 o state bank of i sbic2158cab76eb480cada3f30b3ca4ae72
2023-05-08,BIL/NUCL/000661408015/1/NUCLEI service,-666.0,debit,bankstatementconverter.com.csv,Utilities,Software,80.0,bil nucl 1 nuclei service
2023-05-08,UPI/312753371978/Oid21025542494@/paytm- ptmbbp@pa/Paytm Payments /PTMD67F71C50A4B432BA1ABF75DD9E030FA,-2530.0,debit,bankstatementconverter.com.csv,Salary,Software,100.0,oid - ptmbbp pa payments ptmd67f71c50a4b432ba1abf75dd9e030fa
2023-05-09,UPI/312901331920/BMS/bookmyshow@axb/Axis Bank Ltd./AXB003089dbd3a24342aca50984d57981ef/,-670.8,debit,bankstatementconverter.com.csv,Entertainment,AI,90.0,bms bookmyshow axb axis bank ltd. axbdbd3aacadef
2023-05-12,UPI/313245948998/UPI/khushi786.ka@ok/Yes Bank Ltd/ICIe720906e05cc488e813ac4b80726cdbc/,-300.0,debit,bankstatementconverter.com.csv,Shopping,Software,80.0,khushi786.ka ok yes bank ltd iciee05cc488e813ac4bcdbc
2023-05-13,UPI/313333715522/UPI/agamhdfc@axl/HDFC BANK LTD/ICI435ee848e1f84a54b17e9a56de0fc8dc/,-500.0,debit,bankstatementconverter.com.csv,Suspense,AI,50.0,agamhdfc axl hdfc bank ltd ici435ee848e1f84a54b17e9a56de0fc8dc
2023-05-15,UPI/350034632095/UPI/rohitshah051997/Kotak Mahindra /ICId7a15ff524c14869802dbd0f486abf0f/,-195.0,debit,bankstatementconverter.com.csv,Others,AI,40.0,rohitshah kotak mahindra icid7a15ff524cdbd0f486abf0f
2023-05-16,UPI/350292998981/UPI/hardikmodi7777h/Tamilnad Mercan/ICI03d5f2f87d7649eb93deb1fd9bc7174e/,-5000.0,debit,bankstatementconverter.com.csv,Suspense,AI,60.0,hardikmodi7777h tamilnad mercan ici03d5f2f87d7649eb93deb1fd9bc7174e
2023-05-17,BY CASH - MUMBAI - VAKOLA,60000.0,credit,bankstatementconverter.com.csv,Transportation,Software,100.0,by cash - mumbai - vakola
2023-05-17,TRF TO FD no. 120013011924,-60000.0,debit,bankstatementconverter.com.csv,Others,AI,90.0,trf fd no.
2023-05-20,UPI/350629026836/Getepay/merchant362420./AU smallFinanc/ICI4a92d372ed724d3082d99451295687 30/,-5000.0,debit,bankstatementconverter.com.csv,Salary,Software,100.0,getepay merchant. au smallfinanc ici4a92d372ed724d3082d 30
2023-05-24,VSI/NETFLIX /202305240126/314319843631/,-149.0,debit,bankstatementconverter.com.csv,Entertainment,Software,100.0,vsi netflix
2023-05-26,UPI/314687150510/skin care/schavda8286@oki/Bank of Baroda/ICId3cb5fa146604c9e801e1dcd358e38f0/,-5000.0,debit,bankstatementconverter.com.csv,Shopping,AI,90.0,skin care schavda8286 oki bank of baroda icid3cb5fac9e801e1dcd358e38f0
2023-05-29,UPI/314956510451/UPI/hardikmodi7777h/Tamilnad Mercan/ICI802e9527a5c8435780948aea07339e47/,-2000.0,debit,bankstatementconverter.com.csv,Suspense,AI,60.0,hardikmodi7777h tamilnad mercan ici802e9527a5caeae47
2023-06-02,UPI/315352961935/Oid21181942787@/paytm- 72651047@/Paytm Payments /PTM63CD09EEDC0943EF85CA893D687F4447,-6987.72,debit,bankstatementconverter.com.csv,Salary,Software,100.0,oid - payments ptm63cd09eedc0943ef85ca893d687f4447
2023-06-02,CMS/001212472321/SMSOTP__265009521519,-1497.0,debit,bankstatementconverter.com.csv,Suspense,AI,60.0,cms smsotp__
2023-06-03,ACH/TPCapfrst IDFC FIRST/1156409992,-2550.0,debit,bankstatementconverter.com.csv,Others,AI,60.0,ach tpcapfrst idfc first
2023-06-03,UPI/352042181109/UPI/vaibhavj2468@ok/HDFC BANK LTD/ICI926173bf975a48b3a19c0e161749abb8/,-10000.0,debit,bankstatementconverter.com.csv,Others,AI,60.0,vaibhavj2468 ok hdfc bank ltd icibf975a48b3a19c0eabb8
2023-06-09,UPI/316030454082/UPI/q804102014@ybl/Bank of Maharas/ICI283374ba9dd64a04b984b82307a2f0a7/,-23.0,debit,bankstatementconverter.com.csv,Investment,Software,80.0,q ybl bank of maharas iciba9dd64a04b984ba2f0a7
2023-06-09,UPI/352623495248/Oid806090390094/paytm- 8727353@p/Paytm Payments /PTM3060924482813877261202306090419/,-200.0,debit,bankstatementconverter.com.csv,Salary,Software,100.0,oid - p payments ptm
2023-06-09,UPI/352625446422/Sent from Paytm/yadavashokakuma/Punjab National/PTM40DE88F2376B43E5A314C60254B357 60,-38.0,debit,bankstatementconverter.com.csv,Others,AI,70.0,sent yadavashokakuma punjab national ptm40de88f2376b43e5a314cb357 60
2023-06-10,UPI/352737533699/NA/9665926520@payt/TJSB SahakariB/PTMAFFE3B194F0746EB844315CA73678 381/,-300.0,debit,bankstatementconverter.com.csv,Salary,Software,100.0,na payt tjsb sahakarib ptmaffe3b194f0746ebca 381
2023-06-12,UPI/352822007750/UPI/mahendrayadav11/Bank of Baroda/ICI29629ed3001244669d9f9d917b062fd3/,-82.0,debit,bankstatementconverter.com.csv,Suspense,AI,60.0,mahendrayadav11 bank of baroda iciedd9f9d917b062fd3
2023-06-12,UPL/352826990837/upilite registr/19216812200109002168647982456709564/IC ICI Bank/PTMDD93C46FDB284758,-100.0,debit,bankstatementconverter.com.csv,Suspense,AI,60.0,upl upilite registr ic ici bank ptmdd93c46fdb
2023-06-14,UPI/316532194297/UPI/q206109065@ybl/Yes Bank Ltd/ICIa9dce2ceab3744b1862299b9107be073/,-27.0,debit,bankstatementconverter.com.csv,Investment,Software,80.0,q ybl yes bank ltd icia9dce2ceab3744bb9107be073
2023-06-19,BIL/000682019172/ICICI BANK CREDIT CA/437551205420,-20190.09,debit,bankstatementconverter.com.csv,EMI,Software,100.0,bil icici bank credit ca
2023-06-19,BIL/000682012442/ICICI BANK CREDIT CA/437551205420,-42771.0,debit,bankstatementconverter.com.csv,EMI,Software,100.0,bil icici bank credit ca
2023-06-19,CAM/72751ORY/CASH DEP-Other/19-06-23/8655,49500.0,credit,bankstatementconverter.com.csv,Others,Software,100.0,cam ory cash dep-other 19-06-23 8655
2023-06-19,CAM/72751ORY/CASH DEP-Other/19-06-23/8653,49000.0,credit,bankstatementconverter.com.csv,Others,Software,100.0,cam ory cash dep-other 19-06-23 8653
2023-06-22,UPI/353979936303/UPI/7040754475@ibl/Union Bank ofI/ICI3de8563b15de4a5d931003de6be8e904/,-15.0,debit,bankstatementconverter.com.csv,Suspense,AI,50.0,ibl union bank ofi ici3de8563b15de4a5dde6be8e904
2023-06-23,UPI/354075772214/UPI/gradheshyam855@/Union Bank of I/ICI372b222b057c4cbabcd5e0c4cab254a2/,-77.0,debit,bankstatementconverter.com.csv,Food,Software,80.0,gradheshyam855 union bank of i ici372b222b057c4cbabcd5e0c4cab254a2
2023-06-23,UPI/354028972233/UPI/q951452770@ybl/Yes Bank Ltd/ICI0b4204af41b34d259680764c8c7d16ae/,-100.0,debit,bankstatementconverter.com.csv,Investment,Software,80.0,q ybl yes bank ltd ici0b4204af41b34dc8c7d16ae
2023-06-23,UPI/317429078805/Swiggy Order Id/swiggyupi@axisb/Axis Bank Ltd./AXISSDKV3b90d224704c345ddb947dc9346/,-295.0,debit,bankstatementconverter.com.csv,Food,Software,100.0,swiggy order id swiggyupi axisb axis bank ltd. axissdkv3b90dc345ddb947dc9346
2023-06-24,VSI/NETFLIX /202306240011/317418646538/,-149.0,debit,bankstatementconverter.com.csv,Entertainment,Software,100.0,vsi netflix
2023-06-24,UPI/354148391942/UPI/q117465190@ybl/Yes Bank Ltd/ICI66ebdcede4f343a6aa1a00bb2413e103/,-14.0,debit,bankstatementconverter.com.csv,Investment,Software,80.0,q ybl yes bank ltd ici66ebdcede4f343a6aa1a00bb2413e103
2023-06-24,UPI/354186811568/UPI/schavda8286@oki/Bank of Baroda/ICI8459c22a3d3242a782eb2d286fb1eda9/,-2050.0,debit,bankstatementconverter.com.csv,Suspense,AI,50.0,schavda8286 oki bank of baroda ici8459c22a3d3242a782eb2d286fb1eda9
2023-06-26,UPL/317704126401/upilite registr/19216812200109002168647982456709564/IC ICI Bank/PTM64E3FFCD56274D09,-1000.0,debit,bankstatementconverter.com.csv,Utilities,Software,80.0,upl upilite registr ic ici bank ptm64e3ffcdd09
2023-06-27,UPI/354494094574/UPI/6388350814236@p/HDFC BANK LTD/ICIf06826da95ff4448a788e80c5c0092e6/,-3000.0,debit,bankstatementconverter.com.csv,Suspense,AI,60.0,p hdfc bank ltd icifda95ff4448a788e80c5c0092e6
2023-06-27,UPI/317891598143/UPI/paytmqr28100505/Paytm Payments /ICIc725b9cd3d1046f7bf539d0850b915a6/,-690.0,debit,bankstatementconverter.com.csv,Salary,Software,100.0,paytmqr payments icic725b9cd3d1046f7bf539d0850b915a6
2023-06-27,UPI/354474639736/Oid202306271507/paytm- 68566891@/Paytm Payments /PTMC19A04269FEF40868CB7F367E973709B,-326.0,debit,bankstatementconverter.com.csv,Salary,Software,100.0,oid - payments ptmc19afefcb7f367eb
2023-06-28,UPI/354585203398/arham/meenu.barath197/State BankOf I/ICIb3ce2f2e32fc429ab272ecc592a1c039/,-2000.0,debit,bankstatementconverter.com.csv,Food,Software,80.0,arham meenu.barath197 state bankof i icib3ce2f2e32fc429ab272ecc592a1c039
2023-06-28,UPI/317953825106/m/pbadwani.pb@oki/Saraswat Bank/ICI222bc446ed2d42d098e201218e2b7613/,-10200.0,debit,bankstatementconverter.com.csv,Food,Software,80.0,m pbadwani.pb oki saraswat bank ici222bc446ed2d42d098ee2b7613
2023-06-29,UPI/354677736445/UPI/q117465190@ybl/Yes Bank Ltd/ICI0f5fc49ea3d8480ca80cde0ebf4daea6/,-320.0,debit,bankstatementconverter.com.csv,Investment,Software,80.0,q ybl yes bank ltd ici0f5fc49ea3d8480ca80cde0ebf4daea6
2023-06-30,120001002872:Int.Pd:30-03-2023 to 29-06-2023,115.0,credit,bankstatementconverter.com.csv,Utilities,Software,80.0,int.pd 30-03-2023 29-06-2023
2023-06-30,UPI/354762709108/Oid21387854737@/add- money@paytm/Paytm Payments /PTM3BC905A89CC54791AA9EEC0E60DD1070,-1000.0,debit,bankstatementconverter.com.csv,Salary,Software,100.0,oid add- money payments ptm3bc905a89ccaa9eec0e60dd1070
2023-07-01,UPI/354808267651/NA/Q206109065@ybl/Yes Bank Ltd/PTM59DF84E1B1404200B1F5641429B04B25/,-725.0,debit,bankstatementconverter.com.csv,Investment,Software,80.0,na q ybl yes bank ltd ptm59df84e1bb1fb04b25
2023-07-03,ACH/TPCapfrst IDFC FIRST/1181067895,-2550.0,debit,bankstatementconverter.com.csv,Others,AI,60.0,ach tpcapfrst idfc first
2023-07-03,UPI/354917539415/UPI/mehtanishant220/Union Bank of I/ICI5760dc7dcf084f9c8427cd42ca00459f/,-2000.0,debit,bankstatementconverter.com.csv,Food,Software,80.0,mehtanishant220 union bank of i ici5760dc7dcf084f9c8427cd42caf
2023-07-03,UPI/354952827688/Oid21385450324@/paytm- 72651047@/Paytm Payments /PTM258B89CF74B6437BB0FB71909768B581,-7153.22,debit,bankstatementconverter.com.csv,Salary,Software,100.0,oid - payments ptm258b89cf74b6437bb0fbb581
2023-07-03,CMS/001231434644/SMSOTP__265009521519,-1334.0,debit,bankstatementconverter.com.csv,Suspense,AI,60.0,cms smsotp__
2023-07-11,UPI/319225148066/UPI/malsawmdawgzual/Axis Bank Ltd./ICI6ed57fbe152241d4a81ee108600c9ab6/,-500.0,debit,bankstatementconverter.com.csv,Suspense,AI,50.0,malsawmdawgzual axis bank ltd. ici6ed57fbed4a81eec9ab6
2023-07-13,UPL/356009861726/upilite registr/19216812200109002168647982456709564/IC ICI Bank/PTM3E8AC9D717084018,-100.0,debit,bankstatementconverter.com.csv,Utilities,Software,80.0,upl upilite registr ic ici bank ptm3e8ac9d
2023-07-15,CAM/72751ORY/CASH DEP-Other/15-07-23/3885,100000.0,credit,bankstatementconverter.com.csv,Others,Software,100.0,cam ory cash dep-other 15-07-23 3885
2023-07-15,CAM/72751ORY/CASH DEP-Other/15-07-23/3887,23200.0,credit,bankstatementconverter.com.csv,Others,Software,100.0,cam ory cash dep-other 15-07-23 3887
2023-07-15,CAM/72751ORY/CASH DEP-Other/15-07-23/3890,14200.0,credit,bankstatementconverter.com.csv,Others,Software,100.0,cam ory cash dep-other 15-07-23 3890
2023-07-15,BIL/000694970597/ICICI BANK CREDIT CA/437551205420,-50740.4,debit,bankstatementconverter.com.csv,EMI,Software,100.0,bil icici bank credit ca
2023-07-17,UPI/356342610772/NA/Q514540912@ybl/Yes Bank Ltd/PTM1997C08DD47C42018AD346EECD74EDB2/,-150.0,debit,bankstatementconverter.com.csv,Investment,Software,80.0,na q ybl yes bank ltd ptm1997c08dd47cad346eecd74edb2
2023-07-18,UPI/356526002752/pooja/rankasarika31@o/IDBI Bank Limit/ICIa15ab54db3e74074b5cd26bad654919b/,-15600.0,debit,bankstatementconverter.com.csv,Salary,Software,80.0,pooja rankasarika31 o idbi bank limit icia15ab54db3eb5cd26badb
2023-07-19,ACH/CTRAZORPAY/LENDBOXXXXMFSIUanyvF0U7 q,-2699.0,debit,bankstatementconverter.com.csv,Salary,Software,100.0,ach ctrazorpay lendboxxxxmfsiuanyvf0u7 q
2023-07-20,UPL/356701027506/upilite registr/19216812200109002168647982456709564/IC ICI Bank/PTM2E2304EC03784497,-500.0,debit,bankstatementconverter.com.csv,Utilities,Software,80.0,upl upilite registr ic ici bank ptm2e2304ec
2023-07-20,UPI/356732075915/Getepay/merchant362420./AU smallFinanc/ICI85078fa964b14476aa6a8485ad0e8c5 3/,-8000.0,debit,bankstatementconverter.com.csv,Salary,Software,100.0,getepay merchant. au smallfinanc icifa964baa6a8485ad0e8c5 3
2023-07-22,UPI/320333426834/UPI/r.mitruka-1@oks/Bank of Baroda/ICIcea145d7e44f4815a5be22fe2bb1a528/,-4000.0,debit,bankstatementconverter.com.csv,Salary,Software,80.0,r.mitruka-1 oks bank of baroda icicea145d7e44f4815a5be22fe2bb1a528
2023-07-24,UPI/320561906493/UPI/paytm-53817591@/Paytm Payments /PYTM3072425801972722705/,-78.52,debit,bankstatementconverter.com.csv,Salary,Software,100.0,- payments pytm
2023-07-24,VSI/NETFLIX /202307240042/320419745003/,-149.0,debit,bankstatementconverter.com.csv,Entertainment,Software,100.0,vsi netflix
2023-07-26,UPI/320784474431/Oid202307261829/paytm- 54465655@/Paytm Payments /PTM20ACAB1E14DA43249E0509DAB8BEE0A9,-2000.0,debit,bankstatementconverter.com.csv,Salary,Software,100.0,oid - payments ptm20acab1e14dae0509dab8bee0a9
2023-07-26,UPI/320784481511/Oid202307261830/paytm- 54465655@/Paytm Payments /PTMB07BBA74669E453FB2F2D3172665CEDC,-2500.0,debit,bankstatementconverter.com.csv,Salary,Software,100.0,oid - payments ptmb07bbae453fb2f2dcedc
2023-07-28,UPI/357564917495/adidas/8700002002@sc/Standar d Charte/ICIb0f5089316734a8285945bb98298af6a/,-5499.0,debit,bankstatementconverter.com.csv,Food,Software,80.0,adidas sc standar d charte icib0fabbaf6a
2023-07-28,UPI/357570823818/UPI/abhiyadav5152@o/Indian Bank/ICI59ae8414476c47b688d9f802ab8c2c46/,-1500.0,debit,bankstatementconverter.com.csv,Salary,Software,80.0,abhiyadav5152 o indian bank ici59aec47b688d9f802ab8c2c46
2023-07-29,UPI/357643806519/Sent from Paytm/Q204259557@ybl/Yes Bank Ltd/PTMCD1B63884CBB45C6A69E845EE4A9083D/,-385.0,debit,bankstatementconverter.com.csv,Investment,Software,80.0,sent q ybl yes bank ltd ptmcd1bcbb45c6a69e845ee4a9083d
2023-07-29,UPI/357644988884/Sent from Paytm/bhadreshindulal/Kotak Mahindra /PTMC60AC5E31BD14157911CBFF99762FD54,-1660.0,debit,bankstatementconverter.com.csv,Suspense,AI,50.0,sent bhadreshindulal kotak mahindra ptmc60ac5e31bdcbfffd54
2023-07-31,UPI/321167076872/self tmb/hardikmodi7777h/Tamilnad Mercan/ICI8fb04cb7fb704a4bb1729ab9c866cdfd/,-5000.0,debit,bankstatementconverter.com.csv,Suspense,AI,60.0,self tmb hardikmodi7777h tamilnad mercan ici8fb04cb7fb704a4bb1729ab9c866cdfd
2023-07-31,UPI/357865595566/UPI/upiswiggy@icici/ICICI Bank/ICIa31af35aa589436ca2c9caf5166fa2a1/,-465.0,debit,bankstatementconverter.com.csv,Food,Software,100.0,upiswiggy icici icici bank icia31af35aaca2c9caf5166fa2a1
2023-07-31,UPI/321217906352/UPI/swiggy@yespay/Yes Bank Ltd/YJP08af0c898a1c4590bbe0e5bd70cf8b64/,-271.0,debit,bankstatementconverter.com.csv,Salary,Software,100.0,swiggy yespay yes bank ltd yjp08af0c898a1c4590bbe0e5bd70cf8b64
2023-08-01,UPI/321358963560/Oid21647244974@/paytm- 72651047@/Paytm Payments /PTM0E56224D3DB844EAB4E77F8B6B41F6B0,-6860.27,debit,bankstatementconverter.com.csv,Salary,Software,100.0,oid - payments ptm0ed3db844eab4e77f8b6b41f6b0
2023-08-01,CMS/ CMS3461301388/SVKM S NMIMS NGA SCE,43200.0,credit,bankstatementconverter.com.csv,Salary,Software,80.0,cms cms svkm s nmims nga sce
2023-08-02,CMS/001251491297/SMSOTP__265009521519,-1334.0,debit,bankstatementconverter.com.csv,Suspense,Manual,0.0,cms smsotp__
2023-08-03,ACH/TPCapfrst IDFC FIRST/1206759746,-2550.0,debit,bankstatementconverter.com.csv,Others,AI,60.0,ach tpcapfrst idfc first
2023-08-05,UPL/358305019867/upilite registr/19216812200109002168647982456709564/IC ICI Bank/PTME1CA044B288143B0,-1500.0,debit,bankstatementconverter.com.csv,Utilities,Software,80.0,upl upilite registr ic ici bank ptme1ca044bb0
2023-08-08,MMT/IMPS/322019849050/rcode/RenName to HARDIK KAM,3119.33,credit,bankstatementconverter.com.csv,Others,AI,70.0,mmt imps rcode renname hardik kam
2023-08-09,UPI/358719368136/UPI/meenu.barath197/State Bank Of I/ICIc1ac17b550c54e71a4199c916efe2fa3/,-2000.0,debit,bankstatementconverter.com.csv,Food,Software,80.0,meenu.barath197 state bank of i icic1ac17b550c54e71a4199c916efe2fa3
2023-08-10,UPI/322205023751/UPI/divyamodi361-1@/Karur Vysya Ban/ICI0d6a8b51d334403fadd20bcd76259a9a/,-2000.0,debit,bankstatementconverter.com.csv,Utilities,Software,80.0,divyamodi361-1 karur vysya ban ici0d6a8b51dfadd20bcda9a
2023-08-10,UPI/358845522851/enjoy/divyamodi361-1@/Karur Vysya Ban/ICI67019ab5e5bf4dd09fac1c7fde596bdf/,-2000.0,debit,bankstatementconverter.com.csv,Suspense,AI,60.0,enjoy divyamodi361-1 karur vysya ban iciab5e5bf4dd09fac1c7fde596bdf
2023-08-12,UPI/359015444085/UPI/abhiyadav5152@o/Indian Bank/ICI052abead6d044bc99d3b726075a4fbe8/,-5000.0,debit,bankstatementconverter.com.csv,Salary,Software,80.0,abhiyadav5152 o indian bank ici052abead6d044bc99d3ba4fbe8
2023-08-14,UPI/359167274110/UPI/pbadwani.pb@oki/Saraswat Bank/ICI5266c302461e4685b2698bf243c5d33a/,-15000.0,debit,bankstatementconverter.com.csv,Suspense,AI,50.0,pbadwani.pb oki saraswat bank ici5266ce4685b2698bf243c5d33a
2023-08-14,UPI/322616595289/UPI/hardikmodi7777h/Tamilnad Mercan/ICI59eddc3f092e4c5eb2f7acaecc8cfd5d/,-5000.0,debit,bankstatementconverter.com.csv,Suspense,AI,60.0,hardikmodi7777h tamilnad mercan ici59eddc3f092e4c5eb2f7acaecc8cfd5d
2023-08-18,UPI/323041125588/UPI/divyamodi361-1@/Karur Vysya Ban/ICI22c66dc960a84a54bd44736860b887f8/,-2000.0,debit,bankstatementconverter.com.csv,Utilities,Software,80.0,divyamodi361-1 karur vysya ban ici22c66dc960a84a54bdb887f8
2023-08-19,UPI/359793967329/UPI/deep.patel8070-/ICICI Bank/ICId39e92015b5746e58c1b2ca00b32c48c/,-3000.0,debit,bankstatementconverter.com.csv,Others,AI,60.0,deep.patel8070- icici bank icid39eb5746e58c1b2ca00b32c48c
2023-08-19,ACH/CTRAZORPAY/LENDBOXXXXMRipbVPzzlFmL V,-2500.0,debit,bankstatementconverter.com.csv,Salary,Software,100.0,ach ctrazorpay lendboxxxxmripbvpzzlfml v
2023-08-21,UPL/323207158534/upilite registr/19216812200109002168647982456709564/IC ICI Bank/PTMF909FBEE42334E53,-1200.0,debit,bankstatementconverter.com.csv,Utilities,Software,80.0,upl upilite registr ic ici bank ptmf909fbeee53
2023-08-21,UPI/323202695809/UPI/yashpanchal2012/Paytm Payments /ICIcce45f5144af4242ab575ab592dfd4f0/,-20000.0,debit,bankstatementconverter.com.csv,Others,AI,70.0,yashpanchal2012 payments icicce45f5144af4242ab575ab592dfd4f0
2023-08-21,UPI/323221402978/UPI/9987250122@okbi/Axis Bank Ltd./ICI737ae59ff7104a3e89fcca716f2ab47c/,-10000.0,debit,bankstatementconverter.com.csv,Suspense,AI,50.0,okbi axis bank ltd. ici737ae59ff7104a3e89fcca716f2ab47c
2023-08-25,VSI/NETFLIX /202308250538/323600493469/,-149.0,debit,bankstatementconverter.com.csv,Entertainment,Software,100.0,vsi netflix
2023-08-25,UPI/323791172441/UPI/hardikmodi7777h/Tamilnad Mercan/HDF89027894ac474e52abb529db3dc2edb4,20000.0,credit,bankstatementconverter.com.csv,Suspense,Manual,0.0,hardikmodi7777h tamilnad mercan hdfac474e52abb529db3dc2edb4
2023-08-25,UPI/323790182494/UPI Intent/cf.simp@icici/ICICI Bank/ICI53d286391ab1419793f295a1cd12755b/,-3933.0,debit,bankstatementconverter.com.csv,Suspense,AI,60.0,intent cf.simp icici icici bank ici53dabf295a1cdb
2023-08-25,BIL/000714258358/ICICI BANK CREDIT CA/437551205420,-1900.0,debit,bankstatementconverter.com.csv,EMI,Software,100.0,bil icici bank credit ca
2023-08-26,UPI/323895388961/UPI/shaileshj529@ok/Bank of Baroda/ICId45f5a5abf854456bbc7ed2363f347e0/,-2000.0,debit,bankstatementconverter.com.csv,Others,AI,50.0,shaileshj529 ok bank of baroda icid45f5a5abfbbc7ed2363f347e0
2023-08-26,UPI/360479893449/UPI/shaileshj529@ok/Bank of Baroda/ICI139384ffb45640b6aa68f661b05e13ba/,-8900.0,debit,bankstatementconverter.com.csv,Suspense,AI,50.0,shaileshj529 ok bank of baroda iciffbb6aa68f661b05e13ba
2023-08-26,UPI/360431000615/UPI/q56495864@ybl/Yes Bank Ltd/ICIa2d44c4aae554eafb18fc56ba1eb4a15/,-1760.0,debit,bankstatementconverter.com.csv,Investment,Software,80.0,q ybl yes bank ltd icia2d44c4aae554eafb18fc56ba1eb4a15
2023-08-28,UPI/360649565295/UPI/swiggydinein@ic/ICICI Bank/ICI20ac0706d43449e2912edf2e1d7e8c10/,-520.0,debit,bankstatementconverter.com.csv,Food,Software,100.0,swiggydinein ic icici bank ici20ac0706de2912edf2e1d7e8c10
2023-08-28,UPI/360506856156/UPI/q275184878@ybl/Yes Bank Ltd/ICI76464751c0c94cd5a7ce29a5b0166d81/,-220.0,debit,bankstatementconverter.com.csv,Investment,Software,80.0,q ybl yes bank ltd icic0c94cd5a7ce29a5b0166d81
2023-08-28,UPI/323954243790/UPI/paytmqr1wbeealr/Paytm Payments /ICI3fb8cf760cb3497ca5b86cc64800a353/,-303.0,debit,bankstatementconverter.com.csv,Salary,Software,100.0,paytmqr1wbeealr payments ici3fb8cf760cb3497ca5b86cca353
2023-08-28,UPI/323927744067/UPI/9925882015@payt/HDFC BANK LTD/ICI2ef95a9781924210b00a70a44ae17970/,-500.0,debit,bankstatementconverter.com.csv,Salary,Software,100.0,payt hdfc bank ltd ici2ef95ab00a70a44ae
2023-08-29,CAM/72751ORY/CASH DEP-Other/29-08-23/1460,37500.0,credit,bankstatementconverter.com.csv,Others,Software,100.0,cam ory cash dep-other 29-08-23 1460
2023-08-30,UPI/324201544214/UPI/vaibhavj2468@ok/HDFC BANK LTD/ICI474703d5bd52497d949bcd96caa3bdc5/,-1000.0,debit,bankstatementconverter.com.csv,Others,AI,60.0,vaibhavj2468 ok hdfc bank ltd icid5bdd949bcd96caa3bdc5
2023-08-30,BIL/000716028934/ICICI BANK CREDIT CA/437551205420,-1900.0,debit,bankstatementconverter.com.csv,EMI,Software,100.0,bil icici bank credit ca
2023-08-30,BIL/000716029172/ICICI BANK CREDIT CA/437551205420,-1900.0,debit,bankstatementconverter.com.csv,EMI,Software,100.0,bil icici bank credit ca
2023-08-30,UPI/324257602441/Oid21839791824@/paytm- 72651047@/Paytm Payments /PTM6CD55428C8CB4ECB9766D2D1CB4D7D4A,-691.0,debit,bankstatementconverter.com.csv,Salary,Software,100.0,oid - payments ptm6cdc8cb4ecb9766d2d1cb4d7d4a
2023-08-30,UPI/324237519778/UPI/hardikmodi7777h/Tamilnad Mercan/ICI99149b464795445fbd27be3460f6ffb4/,-2000.0,debit,bankstatementconverter.com.csv,Suspense,AI,40.0,hardikmodi7777h tamilnad mercan icibfbd27be3460f6ffb4
2023-08-30,UPI/324288139327/rakhi gift you/vaibhavj2468@ok/HDFC BANK LTD/ICIb150a7513f0e4b51ba40978ca60aa4b3/,-1000.0,debit,bankstatementconverter.com.csv,Others,AI,80.0,rakhi gift you vaibhavj2468 ok hdfc bank ltd icib150a7513f0e4b51baca60aa4b3
2023-09-02,CMS/001271762021/SMSOTP__265009521519,-1334.0,debit,bankstatementconverter.com.csv,Suspense,AI,60.0,cms smsotp__
2023-09-02,BIL/000718348801/ICICI BANK CREDIT CA/437551205420,-20000.0,debit,bankstatementconverter.com.csv,EMI,Software,100.0,bil icici bank credit ca
2023-09-04,ACH/TPCapfrst IDFC FIRST/1232160101,-2550.0,debit,bankstatementconverter.com.csv,Others,AI,60.0,ach tpcapfrst idfc first
2023-09-08,BIL/000721407765/ICICI BANK CREDIT CA/437551205420,-1510.0,debit,bankstatementconverter.com.csv,EMI,Software,100.0,bil icici bank credit ca
2023-09-12,UPL/362115283377/upilite registr/19216812200109002168647982456709564/IC ICI Bank/PTM4376B9A33654450B,-500.0,debit,bankstatementconverter.com.csv,Utilities,Software,80.0,upl upilite registr ic ici bank ptm4376b9ab
2023-09-19,ACH/CTRAZORPAY/ICIC7022006230000307/LENDB OXXXXMdzO2V1SdjLK37,-2500.0,debit,bankstatementconverter.com.csv,Salary,Software,100.0,ach ctrazorpay icic lendb oxxxxmdzo2v1sdjlk37
2023-09-23,VSI/NETFLIX /202309232315/326617292163/,-149.0,debit,bankstatementconverter.com.csv,Entertainment,Software,100.0,vsi netflix
2023-09-25,BIL/000728174979/ICICI BANK CREDIT CA/437551205420,-30196.22,debit,bankstatementconverter.com.csv,EMI,Software,100.0,bil icici bank credit ca
2023-09-25,BIL/000728175119/ICICI BANK CREDIT CA/437551205420,-15000.0,debit,bankstatementconverter.com.csv,EMI,Software,100.0,bil icici bank credit ca
2023-09-25,UPI/326711799638/UPI/hardikmodi7777h/Tamilnad Mercan/HDF8802a3a3a8564bbaa60b2b692d4e362d,25000.0,credit,bankstatementconverter.com.csv,Suspense,AI,60.0,hardikmodi7777h tamilnad mercan hdf8802a3a3a8564bbaa60b2b692d4e362d
2023-09-25,UPI/326711802624/UPI/hardikmodi7777h/Tamilnad Mercan/HDF5f52712c77504007bfb09d3edddabb90,20000.0,credit,bankstatementconverter.com.csv,Suspense,AI,50.0,hardikmodi7777h tamilnad mercan hdf5fcbfb09d3edddabb90
2023-09-30,120001002872:Int.Pd:30-06-2023 to 29-09-2023,193.0,credit,bankstatementconverter.com.csv,Utilities,Software,80.0,int.pd 30-06-2023 29-09-2023
2023-10-03,UPI/327671371194/UPI/hardikmodi7777h/Tamilnad Mercan/HDF70bf3e3ea3664feea6ed6f80b4bd4e92,2000.0,credit,bankstatementconverter.com.csv,Suspense,AI,60.0,hardikmodi7777h tamilnad mercan hdf70bf3e3ea3664feea6ed6f80b4bd4e92
2023-10-03,ACH/TPCapfrst IDFC FIRST/ICIC7021311220008581/1256426814,-2550.0,debit,bankstatementconverter.com.csv,Others,AI,60.0,ach tpcapfrst idfc first icic
2023-10-03,UPI/327673163564/UPI/hardikmodi7777h/Tamilnad Mercan/HDFf9ecdf8cbf7b45f8b6945e0c50593d75,4000.0,credit,bankstatementconverter.com.csv,Suspense,AI,40.0,hardikmodi7777h tamilnad mercan hdff9ecdf8cbf7b45f8b6945e0cd75
2023-10-03,CMS/001290577660/SMSOTP__265009521519,-1334.0,debit,bankstatementconverter.com.csv,Suspense,AI,60.0,cms smsotp__
2023-10-06,UPI/327984277854/UPI/swiggydiner@yes/Yes Bank Ltd/YJPb712051a0bf64025b6eb880dcca40d71/,-1220.0,debit,bankstatementconverter.com.csv,Food,Software,100.0,swiggydiner yes yes bank ltd yjpba0bfb6eb880dcca40d71
2023-10-07,UPI/328044162220/UPI/hardikmodi7777h/Tamilnad Mercan/HDFf154e763e43b4d7abe7676d25b009e88,5500.0,credit,bankstatementconverter.com.csv,Suspense,AI,60.0,hardikmodi7777h tamilnad mercan hdff154e763e43b4d7abe7676d25b009e88
2023-10-07,UPI/364667700629/Oid22126537200@/paytm- 72651047@/Paytm Payments /PTM086CE625F4294F0BA388BB22DA3DBDF0,-5979.51,debit,bankstatementconverter.com.csv,Salary,Software,100.0,oid - payments ptm086ce625f4294f0ba388bb22da3dbdf0
2023-10-10,UPI/364930745737/UPI/gpay-1117574828/Axis Bank Ltd./ICIc9e0b84380d54e8fbdc05b16d8bc90d3/,-200.0,debit,bankstatementconverter.com.csv,Suspense,AI,60.0,- axis bank ltd. icic9e0bd54e8fbdc05b16d8bc90d3
2023-10-11,UPI/365030779595/Sent from Paytm/Q95687520@ybl/Bank of India/PTMC2086B89BA8C45D59F73D2F68D988DE7 /,-150.0,debit,bankstatementconverter.com.csv,Investment,Software,80.0,sent q ybl bank of india ptmc2086b89ba8c45d59f73d2f68d988de7
2023-10-14,UPI/328703655790/UPI/q902302339@ybl/Yes Bank Ltd/ICIdfe45bc20d22431287b29583fd2c895b/,-100.0,debit,bankstatementconverter.com.csv,Suspense,AI,80.0,q ybl yes bank ltd icidfe45bc20dbfd2c895b
2023-10-14,UPI/365330153742/UPI/paytmqr28100505/Paytm Payments /ICIc9b16ae8edfb4eda8269ab59c7cf3e38/,-250.0,debit,bankstatementconverter.com.csv,Salary,Software,100.0,paytmqr payments icic9b16ae8edfb4eda8269ab59c7cf3e38
2023-10-19,UPI/365801293275/hardik/priyajain140678/Karur Vysya Ban/ICI97bbb665216a4ecb82a55a48b9b6323e,3000.0,credit,bankstatementconverter.com.csv,Utilities,Software,80.0,hardik priyajain karur vysya ban ici97bbba4ecb82a55a48b9b6323e
2023-10-19,ACH/CTRAZORPAY/ICIC7022006230000307/LENDB OXXXXMprOPrMAumkWg9,-2500.0,debit,bankstatementconverter.com.csv,Salary,Software,100.0,ach ctrazorpay icic lendb oxxxxmproprmaumkwg9
2023-10-20,CAM/72751ORY/CASH DEP-Other/20-10-23/1996,24500.0,credit,bankstatementconverter.com.csv,Others,Software,100.0,cam ory cash dep-other 20-10-23 1996
2023-10-21,UPI/366053517640/UPI/q819685981@ybl/Yes Bank Ltd/ICI6769de6be6564547a8d3b3b908a204ae/,-900.0,debit,bankstatementconverter.com.csv,Investment,Software,80.0,q ybl yes bank ltd ici6769de6bea8d3b3b908a204ae
2023-10-21,UPI/329483033924/UPI/vishnu22112001-/Bank of Baroda/ICI42f6ac142ddc4609a10a3737154e299e/,-3000.0,debit,bankstatementconverter.com.csv,Suspense,AI,50.0,vishnu- bank of baroda ici42f6ac142ddc4609a10ae299e
2023-10-21,UPI/329447737789/IXIGO Train Tri/ixigo.train@ici/ICICI Bank/34TRXESKDTH7430A2CA/,-1766.0,debit,bankstatementconverter.com.csv,Utilities,Software,80.0,ixigo train tri ixigo.train ici icici bank 34trxeskdth7430a2ca
2023-10-21,UPI/329456033649/IXIGO Train Tri/ixigo.train@ici/ICICI Bank/ICIcc62556556cf45d4ab61c92b2aab0ae7,1625.0,credit,bankstatementconverter.com.csv,Utilities,Software,80.0,ixigo train tri ixigo.train ici icici bank icicccf45d4ab61c92b2aab0ae7
2023-10-21,UPI/329406740974/UPI/hardikmodi7777h/Tamilnad Mercan/ICI85f1d6f7e01b428db54a72fdd8de38a6/,-5000.0,debit,bankstatementconverter.com.csv,Suspense,AI,60.0,hardikmodi7777h tamilnad mercan ici85f1d6f7e01b428db54a72fdd8de38a6
2023-10-23,UPI/329537378809/UPI/bharatpe5022547/Yes Bank Ltd/ICIa53bef9e71e846f782d2be62899c466d/,-3445.0,debit,bankstatementconverter.com.csv,Others,AI,60.0,bharatpe yes bank ltd icia53bef9e71e846f782d2bec466d
2023-10-24,MNDT_CHRG~SMSOTP~04MAY2023~152328155 8,-118.0,debit,bankstatementconverter.com.csv,Others,AI,80.0,mndt_chrg~smsotp~04may2023~ 8
2023-10-24,UPI/366349889498/Swiggy Order Id/swiggy.stores@a/Axis Bank Ltd./AXISSDKV365e0e243e4ea40398598fb4b29/,-905.0,debit,bankstatementconverter.com.csv,Food,Software,100.0,swiggy order id swiggy.stores a axis bank ltd. axissdkv365e0e243e4eafb4b29
2023-10-24,VSI/NETFLIX /202310232348/329618443861/,-149.0,debit,bankstatementconverter.com.csv,Entertainment,Software,100.0,vsi netflix
2023-10-25,UPI/366410523315/Getepay/merchant362420./AU smallFinanc/ICI7a6f305ec8204b2788fc23366f416bc 5/,-5000.0,debit,bankstatementconverter.com.csv,Salary,Software,100.0,getepay merchant. au smallfinanc ici7a6f305ec8204b2788fcf416bc 5
2023-10-26,UPI/329952065089/UPI/divyamodi361-1@/Karur Vysya Ban/ICI9ade01b92bed432e8428959a0912134d/,-5000.0,debit,bankstatementconverter.com.csv,Utilities,Software,80.0,divyamodi361-1 karur vysya ban ici9ade01b92bed432ead
2023-10-26,UPI/329959930075/UPI/hardikmodi7777h/Tamilnad Mercan/AXI6cb3be952c5b40038a8684cab408a6bd,1500.0,credit,bankstatementconverter.com.csv,Suspense,AI,40.0,hardikmodi7777h tamilnad mercan axi6cb3be952c5ba8684cab408a6bd
2023-10-26,BIL/000743776063/ICICI BANK CREDIT CA/437551205420,-2400.0,debit,bankstatementconverter.com.csv,EMI,Software,100.0,bil icici bank credit ca
2023-10-27,UPI/366651989594/IXIGO Train Tri/ixigo.train@ici/ICICI Bank/357Q8E1LSC7JHZ0311T/,-1251.0,debit,bankstatementconverter.com.csv,Utilities,Software,80.0,ixigo train tri ixigo.train ici icici bank 357q8e1lsc7jhz0311t
2023-10-27,UPI/330009762944/UPI/hardikmodi7777h/Tamilnad Mercan/HDF269feb5887554d4288c72a4cb9e7cdf0,500.0,credit,bankstatementconverter.com.csv,Suspense,AI,40.0,hardikmodi7777h tamilnad mercan hdf269febd4288c72a4cb9e7cdf0
2023-10-31,UPI/367098870478/UPI/priyajain140678/Karur Vysya Ban/ICI34eca42c659b491ebf60729bc9965406,1000.0,credit,bankstatementconverter.com.csv,Utilities,Software,80.0,priyajain karur vysya ban ici34eca42c659b491ebfbc
2023-10-31,UPI/367004964309/IXIGO Train Tri/ixigo.train@ici/ICICI Bank/35I9MXWP59D1J806LC2/,-917.0,debit,bankstatementconverter.com.csv,Utilities,Software,80.0,ixigo train tri ixigo.train ici icici bank 35i9mxwp59d1j806lc2
2023-10-31,IN30302839281502 DP CHGS TILL SEP-23,-324.72,debit,bankstatementconverter.com.csv,Food,Software,80.0,in dp chgs till sep-23
2023-11-02,CMS/001309704432/SMSOTP__265009521519,-1334.0,debit,bankstatementconverter.com.csv,Suspense,Manual,0.0,cms smsotp__
2023-11-02,CAM/72751ORY/CASH DEP-Other/02-11-23/4659,24500.0,credit,bankstatementconverter.com.csv,Others,Software,100.0,cam ory cash dep-other 02-11-23 4659
2023-11-02,UPI/330699745769/UPI/divyamodi361-1@/Karur Vysya Ban/HDF6949c584a90a442c86a1e987304117e7,2300.0,credit,bankstatementconverter.com.csv,Utilities,Software,80.0,divyamodi361-1 karur vysya ban hdf6949c584a90a442c86a1ee7
2023-11-02,IN30302839281502 DP CHGS TILL SEP-23,-501.28,debit,bankstatementconverter.com.csv,Food,Software,80.0,in dp chgs till sep-23
2023-11-03,ACH/TPCapfrst IDFC FIRST/ICIC7021311220008581/1279709667,-2550.0,debit,bankstatementconverter.com.csv,Others,AI,60.0,ach tpcapfrst idfc first icic
2023-11-03,UPI/367358287486/UPI/hardikmodi7777h/Tamilnad Mercan/ICI4a47ee3ee2fd4c039c9a7992836df284/,-5000.0,debit,bankstatementconverter.com.csv,Suspense,AI,50.0,hardikmodi7777h tamilnad mercan ici4a47ee3ee2fd4c039c9adf284
2023-11-03,UPI/367365422393/UPI/husanansar03@ok/State Bank Of I/ICI617b0e455cc24b25bb24e9ac4da6ec80/,-578.0,debit,bankstatementconverter.com.csv,Food,Software,80.0,husanansar03 ok state bank of i ici617b0e455cc24b25bb24e9ac4da6ec80
2023-11-04,UPI/367432222363/UPI/theflyingsaucer/HDFC BANK LTD/ICI87542c212938485783348010ffdee3b4/,-6605.0,debit,bankstatementconverter.com.csv,Food,AI,80.0,theflyingsaucer hdfc bank ltd icicffdee3b4
2023-11-06,UPI/367511961205/UPI/gpay-1116543394/Axis Bank Ltd./ICIa79c7015c7ee426fa6203c87a365cfd3/,-325.0,debit,bankstatementconverter.com.csv,Suspense,AI,50.0,- axis bank ltd. icia79c7015c7ee426fa6203c87a365cfd3
2023-11-06,UPI/330969867712/UPI/pandeykamlashan/Union Bank of I/ICIb8f105da2ca24279825a3db4e737918c/,-402.0,debit,bankstatementconverter.com.csv,Food,Software,80.0,pandeykamlashan union bank of i icib8f105da2caa3db4ec
2023-11-06,UPI/331048513096/NA/ammasrestaurant/HDFC BANK LTD/PTM9AB7C87D59A94C3787A04FE08C230B98/,-980.0,debit,bankstatementconverter.com.csv,Food,Software,100.0,na ammasrestaurant hdfc bank ltd ptm9ab7c87d59a94c3787a04fe08c230b98
2023-11-06,UPI/331048543957/NA/ammasrestaurant/HDFC BANK LTD/PTM3F6DD99FCB704FD5B5C900BA1F29FED7/,-1161.0,debit,bankstatementconverter.com.csv,Food,AI,90.0,na ammasrestaurant hdfc bank ltd ptm3f6dd99fcb704fd5b5c900ba1f29fed7
2023-11-06,UPI/331092363090/UPI/q519591173@ybl/Yes Bank Ltd/ICIe843bc61fd5f44b296b5a4d753edf75f/,-145.0,debit,bankstatementconverter.com.csv,Suspense,AI,50.0,q ybl yes bank ltd icie843bc61fd5f44b296b5a4d753edf75f
2023-11-07,UPL/367710852722/upilite registr/19216812200109002168647982456709564/IC ICI Bank/PTMD7ED7C5397BC4DBB,-500.0,debit,bankstatementconverter.com.csv,Utilities,Software,80.0,upl upilite registr ic ici bank ptmd7ed7c5397bc4dbb
2023-11-07,UPI/367759675871/Oid22357837468@/paytm- 72651047@/Paytm Payments /PTM6CFCB3CE0E8E478890E60417330E06F2,-4648.15,debit,bankstatementconverter.com.csv,Salary,Software,100.0,oid - payments ptm6cfcb3ce0e8eee06f2
2023-11-10,UPI/368049889593/NA/9863727065@payt/State Bank OfI/PTMB30FC0A6E9F54169A3EC80873E4090E4/,-200.0,debit,bankstatementconverter.com.csv,Salary,Software,100.0,na payt state bank ofi ptmb30fc0a6e9fa3ece4090e4
2023-11-11,UPL/331506741112/upilite registr/19216812200109002168647982456709564/IC ICI Bank/PTM6136327F388C406F,-500.0,debit,bankstatementconverter.com.csv,Utilities,Software,80.0,upl upilite registr ic ici bank ptmf388c406f
2023-11-13,UPI/331724076330/UPI/hardikmodi7777h/Tamilnad Mercan/ICIf45d18611852417e84654f4c6da73565/,-1000.0,debit,bankstatementconverter.com.csv,Suspense,AI,40.0,hardikmodi7777h tamilnad mercan icif45def4c6da
2023-11-13,UPI/331726859975/Tanya mody/modynamita- 1@ok/HDFC BANK LTD/HDF6206091e3c5b427cb8a4814f9f4b184d,5000.0,credit,bankstatementconverter.com.csv,Others,AI,60.0,tanya mody modynamita- 1 ok hdfc bank ltd hdfe3c5b427cb8a4814f9f4b184d
2023-11-14,UPI/368487118298/UPI/8290575649@ibl/Bank of Baroda/ICI96e93afb5eab439b99cd38d7cae761ed/,-400.0,debit,bankstatementconverter.com.csv,Suspense,AI,50.0,ibl bank of baroda ici96e93afb5eab439b99cd38d7cae761ed
2023-11-15,UPI/331982273364/UPI/meenu.barath197/State Bank Of I/ICI79dcdf2b909f424fa1cc02480be6e2d9/,-2000.0,debit,bankstatementconverter.com.csv,Food,Software,80.0,meenu.barath197 state bank of i ici79dcdf2b909f424fa1ccbe6e2d9
2023-11-17,UPI/332145340268/UPI/268428123@ybl/Bank of Baroda/ICI2fc19de2b66a4105b506fa533b472f65/,-510.0,debit,bankstatementconverter.com.csv,Suspense,AI,80.0,ybl bank of baroda ici2fc19de2b66a4105b506fa533b472f65
2023-11-18,UPI/368817694914/Swiggy Order Id/swiggyupi@axisb/Axis Bank Ltd./AXISSDKV33150502acca44f4b97a333a13b/,-207.0,debit,bankstatementconverter.com.csv,Food,Software,100.0,swiggy order id swiggyupi axisb axis bank ltd. axissdkvacca44f4b97a333a13b
2023-11-20,UPI/332460241226/UPI/hardikmodi7777h/Tamilnad Mercan/HDF4198096a3f1947b5a1fa292aa224cd63,1500.0,credit,bankstatementconverter.com.csv,Suspense,AI,60.0,hardikmodi7777h tamilnad mercan hdfa3f1947b5a1fa292aa224cd63
2023-11-20,UPI/369030676786/N2j5zzeA3vfCuO/lendbox.razorp a/Axis Bank Ltd./ICIa6e9575a29c5437dab4c65a1b8507498/,-3200.0,debit,bankstatementconverter.com.csv,Salary,Software,80.0,n2j5zzea3vfcuo lendbox.razorp a axis bank ltd. icia6e9575a29c5437dab4c65a1b
2023-11-21,VSI/NETFLIX /202311210023/332418105010/,-199.0,debit,bankstatementconverter.com.csv,Entertainment,Software,100.0,vsi netflix
2023-11-23,BIL/000757301509/ICICI BANK CREDIT CA/437551205420,-2760.0,debit,bankstatementconverter.com.csv,EMI,Software,100.0,bil icici bank credit ca
2023-11-23,CAM/72751ORY/CASH DEP-Other/23-11-23/8923,32500.0,credit,bankstatementconverter.com.csv,Others,Software,100.0,cam ory cash dep-other 23-11-23 8923
2023-11-23,BIL/000757301371/ICICI BANK CREDIT CA/437551205420,-25000.0,debit,bankstatementconverter.com.csv,EMI,Software,100.0,bil icici bank credit ca
2023-11-24,UPI/369446210022/UPI/preetparmar8016/Kotak Mahindra /ICI3d3c30bb21f2446f8d3a8efe9b19514e/,-2000.0,debit,bankstatementconverter.com.csv,Suspense,AI,60.0,preetparmar8016 kotak mahindra ici3d3c30bb21f2446f8d3a8efe9be
2023-11-24,UPI/369461792496/NA/paytm-53817591@/Paytm Payments /PYTM3112425662587841557/,-706.82,debit,bankstatementconverter.com.csv,Salary,Software,100.0,na - payments pytm
2023-11-25,UPI/332924637719/UPI/priyajain140678/Karur Vysya Ban/ICI2d0f8fe994dc4575a2fe7307dd8ba858,101.0,credit,bankstatementconverter.com.csv,Utilities,Software,80.0,priyajain karur vysya ban ici2d0f8fe994dc4575a2fe7307dd8ba858
2023-11-25,UPL/332930709073/upilite registr/19216812200109002168647982456709564/IC ICI Bank/PTM8938DDD26BE54A86,-1000.0,debit,bankstatementconverter.com.csv,Utilities,Software,80.0,upl upilite registr ic ici bank ptm8938ddd26be54a86
2023-11-27,UPI/369691499019/UPI/pawar-harsh@pay/Paytm Payments /ICIdf30b8eca8ac485f9a63b36ec3e1aeb1/,-1500.0,debit,bankstatementconverter.com.csv,Salary,Software,100.0,pawar-harsh pay payments icidf30b8eca8ac485f9a63b36ec3e1aeb1
2023-11-28,UPL/369800476516/upilite registr/19216812200109002168647982456709564/IC ICI Bank/PTME8D71B67B60A4D2C,-50.0,debit,bankstatementconverter.com.csv,Utilities,Software,80.0,upl upilite registr ic ici bank ptme8d71b67b60a4d2c
2023-11-29,ECSRTNCHGS191123_SR946852010,-21.73,debit,bankstatementconverter.com.csv,Others,AI,80.0,ecsrtnchgs_sr
2023-11-29,UPI/333340323733/hardik ticket m/priyajain140678/Karur Vysya Ban/ICI32e0c502bf2e46ce9f7f3295d1d58771,500.0,credit,bankstatementconverter.com.csv,Food,Software,80.0,hardik ticket m priyajain karur vysya ban ici32e0c502bf2e46ce9f7f3295d1d
2023-12-02,UPI/333667680561/UPI/hardikmodi7777h/Tamilnad Mercan/HDF34542392022e4db0a9903f3101ac36a7,3000.0,credit,bankstatementconverter.com.csv,Suspense,AI,40.0,hardikmodi7777h tamilnad mercan hdfe4db0a9903f3101ac36a7
2023-12-04,UPI/333769984432/Oid202312031945/add- money@paytm/Paytm Payments /PTMA9932FDA60A84BB789D954F4E16FB9F0,-240.0,debit,bankstatementconverter.com.csv,Others,AI,80.0,oid add- money payments ptma9932fda60a84bb789d954f4e16fb9f0
2023-12-04,ACH/TPCapfrst IDFC FIRST/ICIC7021311220008581/1303106414,-2550.0,debit,bankstatementconverter.com.csv,Others,AI,60.0,ach tpcapfrst idfc first icic
2023-12-05,UPI/333962912225/UPI/jain.poo.d@okic/ICICI Bank/ICI7ec78aa693ca4dfdbdb5d41cf465b57d,5000.0,credit,bankstatementconverter.com.csv,Suspense,AI,50.0,jain.poo.d okic icici bank ici7ec78aa693ca4dfdbdb5d41cf465b57d
2023-12-06,UPI/333950315668/UPI/bajajfinanceli./Airtel Payments/ICI43839b5735784bb8ab5aa8b4ece5a599 /,-1838.68,debit,bankstatementconverter.com.csv,Salary,Software,100.0,bajajfinanceli. airtel payments icibbb8ab5aa8b4ece5a599
2023-12-06,BIL/000764080595/ICICI BANK CREDIT CA/437551205420,-165.0,debit,bankstatementconverter.com.csv,EMI,Software,100.0,bil icici bank credit ca
2023-12-06,BIL/000764080720/ICICI BANK CREDIT CA/437551205420,-101.0,debit,bankstatementconverter.com.csv,EMI,Software,100.0,bil icici bank credit ca
2023-12-07,UPI/334199576933/UPI/8652524040@okbi/Axis Bank Ltd./ICIb4dbffc56c3f4e2fb295cfce8e710d86/,-2326.0,debit,bankstatementconverter.com.csv,Suspense,AI,50.0,okbi axis bank ltd. icib4dbffc56c3f4e2fb295cfce8e710d86
2023-12-07,UPL/334147223289/upilite registr/19216812200109002168647982456709564/IC ICI Bank/PTM022F7C88232D407B,-200.0,debit,bankstatementconverter.com.csv,Utilities,Software,80.0,upl upilite registr ic ici bank ptm022f7cd407b
2023-12-07,UPI/334153272026/UPI/divyamodi361-1@/Karur Vysya Ban/HDF7720ed26dd7246b1bde6e083bab5609a,5000.0,credit,bankstatementconverter.com.csv,Utilities,Software,80.0,divyamodi361-1 karur vysya ban hdf7720ed26dd7246b1bde6e083bab5609a
2023-12-07,UPI/370769280474/Oid22574518102@/paytm- 72651047@/Paytm Payments /PTM77D4DE1CDFA64E6A8E4E9CF01FACFE23,-5431.56,debit,bankstatementconverter.com.csv,Salary,Software,100.0,oid - payments ptm77d4de1cdfa64e6a8e4e9cf01facfe23
2023-12-09,UPI/334339569828/NA/Q799129290@ybl/Yes Bank Ltd/PTM73EC1B0C9325424A9479A3EDE19455EE/,-230.0,debit,bankstatementconverter.com.csv,Investment,Software,80.0,na q ybl yes bank ltd ptm73ec1b0ca9479a3edeee
2023-12-14,NACH_AD_RTN_CHRG~Of Bnk BFLo~04DEC23~3a7a477~26500,-417.77,debit,bankstatementconverter.com.csv,Others,AI,80.0,nach_ad_rtn_chrg~of bnk bflo~04dec23~3a7a477~
2023-12-14,NACH_AD_RTN_CHRG~Of Bnk BFLo~02DEC23~04ce10e~26500,-0.01,debit,bankstatementconverter.com.csv,Others,AI,80.0,nach_ad_rtn_chrg~of bnk bflo~02dec23~04ce10e~
2023-12-15,UPI/371575584499/UPI/917216441@ibl/EQUITAS SMALL/ICIa49e986e520c4a0c883f7cd9cad21230/,-330.0,debit,bankstatementconverter.com.csv,Others,AI,60.0,ibl equitas small icia49e986e520c4a0c883f7cd9cad
2023-12-15,UPI/334986283724/kanish/priyajain140678/Karur Vysya Ban/ICI11b3f9e2e0cb4ed18707f517c97a49de,500.0,credit,bankstatementconverter.com.csv,Utilities,Software,80.0,kanish priyajain karur vysya ban ici11b3f9e2e0cb4edf517c97a49de
2023-12-18,MMT/IMPS/335220766406/FTTransferP2A/One97 Comm toHARDIK KAM,1.0,credit,bankstatementconverter.com.csv,Others,AI,60.0,mmt imps fttransferp2a one97 comm tohardik kam
2023-12-18,UPI/335249799026/Subscription fo/paytm- 72652189@/Paytm Payments /PTM47c9eed856c04b21ae9eb4353ce33bda,-1.0,debit,bankstatementconverter.com.csv,Salary,Software,100.0,subscription fo - payments ptm47c9eed856c04b21ae9eb4353ce33bda
2023-12-18,UPI/335249801655/express/paytm- 72652189@/Paytm Payments /PTM7ced07651653419bbff40241d488d35d,1.0,credit,bankstatementconverter.com.csv,Others,AI,70.0,express - payments ptm7cedbbffd488d35d
2023-12-18,UPI/335248639052/UPI/hardikmodi7777h/Tamilnad Mercan/HDF1c806cfeac3e433794d24c023a64cd23,2500.0,credit,bankstatementconverter.com.csv,Suspense,AI,50.0,hardikmodi7777h tamilnad mercan hdf1c806cfeac3ed24c023a64cd23
2023-12-18,UPI/335216931716/PayviaRazorpay/lendbox.razorpa /Axis Bank Ltd./ICI8a4b99418aca4693ad2eb3a42ebc0144/,-2500.0,debit,bankstatementconverter.com.csv,Salary,Software,100.0,payviarazorpay lendbox.razorpa axis bank ltd. ici8a4baca4693ad2eb3a42ebc0144
2023-12-19,NEFT-N353232791507412-HERO FINCORP LTD RETAIL PAY DI BR-58289690-00030310016225- HDFC0000240,50245.0,credit,bankstatementconverter.com.csv,Salary,Software,100.0,neft-n-hero fincorp ltd retail pay di br--- hdfc
2023-12-19,BIL/000769868445/ICICI BANK CREDIT CA/437551205420,-35000.0,debit,bankstatementconverter.com.csv,EMI,Software,100.0,bil icici bank credit ca
2023-12-20,VSI/NETFLIX /202312202349/335418311409/,-199.0,debit,bankstatementconverter.com.csv,Entertainment,Software,100.0,vsi netflix
2023-12-20,UPI/335448700863/MOPSUPITxn/sbimops@sbi/Stat e Bank Of I/ICI138a71fcc6354fa5a16769d4dd1c9836/,-500.0,debit,bankstatementconverter.com.csv,Salary,Software,80.0,mopsupitxn sbimops sbi stat e bank of i ici138a71fcc6354fa5ad4dd1c9836
2023-12-20,UPI/372003911147/Sent from Paytm/Q151756442@ybl/Yes Bank Ltd/PTM80C3FFB0B05A49EBA5B3D59FD7DC651A/,-27.0,debit,bankstatementconverter.com.csv,Others,AI,60.0,sent q ybl yes bank ltd ptm80c3ffb0b05a49eba5b3d59fd7dc651a
2023-12-20,IPS/ELIITE SUPP/202312201651/122023000610/MUMBAI,-9550.0,debit,bankstatementconverter.com.csv,Suspense,AI,60.0,ips eliite supp mumbai
2023-12-21,UPI/335519437006/UPI/paytm-53817591@/Paytm Payments /PYTM3122124449729398805/,-706.82,debit,bankstatementconverter.com.csv,Salary,Software,100.0,- payments pytm
2023-12-21,UPI/372196872972/Zomato Payment/zomato- order@pa/Paytm Payments /PYTM3122125667689754645/,-2083.1,debit,bankstatementconverter.com.csv,Salary,Software,100.0,zomato payment zomato- order pa payments pytm
2023-12-21,UPL/335548697690/upilite registr/19216812200109002168647982456709564/IC ICI Bank/PTMF50FBBA8A62F435D,-500.0,debit,bankstatementconverter.com.csv,Utilities,Software,80.0,upl upilite registr ic ici bank ptmf50fbba8a62f435d
2023-12-25,UPI/335819204335/Oid812240511517/paytm- 8727353@p/Paytm Payments /PTM3122423215062444033202312241144/,-200.0,debit,bankstatementconverter.com.csv,Salary,Software,100.0,oid - p payments ptm
2023-12-25,UPI/335858782475/Swiggy Order Id/swiggyupi@axisb/Axis Bank Ltd./AXISSDKV31b12cb9d23cc4257b81c7a26dc/,-540.0,debit,bankstatementconverter.com.csv,Food,Software,100.0,swiggy order id swiggyupi axisb axis bank ltd. axissdkv31b12cb9d23cc4257b81c7a26dc
2023-12-25,UPI/335981112928/BOOKMYSHOW/bookmyshow @yesp/Yes Bank Ltd/YJP5486a14c405943a793f0205ce2777722/,-536.64,debit,bankstatementconverter.com.csv,Entertainment,AI,95.0,bookmyshow bookmyshow yesp yes bank ltd yjp5486a14ca793f0205ce
2023-12-26,UPI/336086648666/UPI/swiggy@yespay/Yes Bank Ltd/YJP2eea0e058e7b470388b534062a8e53cc/,-218.0,debit,bankstatementconverter.com.csv,Salary,Software,100.0,swiggy yespay yes bank ltd yjp2eea0e058e7bba8e53cc
2023-12-30,120001002872:Int.Pd:30-09-2023 to 29-12-2023,23.0,credit,bankstatementconverter.com.csv,Utilities,Software,80.0,int.pd 30-09-2023 29-12-2023
2024-01-02,UPI/400253430664/UPI/hardikmodi7777h/Tamilnad Mercan/HDFcaab471bfcdb462396e31bd80524139b,5000.0,credit,bankstatementconverter.com.csv,Suspense,AI,60.0,hardikmodi7777h tamilnad mercan hdfcaab471bfcdbe31bdb
2024-01-02,UPI/400270033484/UPI/preetparmar8016/Kotak Mahindra /ICIebc27709a40845c78921651ed35b214c/,-3000.0,debit,bankstatementconverter.com.csv,Suspense,AI,50.0,preetparmar8016 kotak mahindra iciebcaced35b214c
2024-01-03,CMS/001352290568/SMSOTP__265009521519,-1334.0,debit,bankstatementconverter.com.csv,Suspense,AI,60.0,cms smsotp__
2024-01-04,CAM/72751ORY/CASH DEP-Other/04-01-24/7767,6000.0,credit,bankstatementconverter.com.csv,Others,Software,100.0,cam ory cash dep-other 04-01-24 7767
2024-01-04,UPI/400456060290/UPI Intent/simpl@axb/Axis Bank Ltd./mozv4x6vUHkjzYB3rGH/,-6077.0,debit,bankstatementconverter.com.csv,Assets,AI,75.0,intent simpl axb axis bank ltd. mozv4x6vuhkjzyb3rgh
2024-01-04,UPI/400457264395/UPI/hardikmodi7777h/Tamilnad Mercan/HDFc051188ba4354813a9409a0641eb208d,2500.0,credit,bankstatementconverter.com.csv,Suspense,AI,40.0,hardikmodi7777h tamilnad mercan hdfcbaa9409a0641eb208d
2024-01-04,UPI/400447539686/Subscription fo/paytm- 72651047@/Paytm Payments /PTM15ed9d27ea384bed80c60a7d33341b32,-1568.35,debit,bankstatementconverter.com.csv,Salary,Software,100.0,subscription fo - payments ptm15ed9d27ea384bed80c60a7db32
2024-01-04,VSI/NETFLIX /202401042246/400417805174/,-499.0,debit,bankstatementconverter.com.csv,Entertainment,Software,100.0,vsi netflix
2024-01-05,UPI/437167941956/Oid202401052002/add- money@paytm/Paytm Payments /PTM4EA38980362945939D32E2DF1570D62E,-50.0,debit,bankstatementconverter.com.csv,Salary,Software,100.0,oid add- money payments ptm4ead32e2df1570d62e
2024-01-08,UPI/437380696655/UPI/bhardwajpankaj0/Union Bank of I/ICI7ee3455440fa4c7493b44995300ed540/,-170.0,debit,bankstatementconverter.com.csv,Food,Software,80.0,bhardwajpankaj0 union bank of i ici7eefa4c7493bed540
2024-01-12,UPI/437896508295/Oid202401121642/pay99302358 11@p/Paytm Payments /PTM3196D909DFE14CD28EC3322C4D009C89,-350.0,debit,bankstatementconverter.com.csv,Salary,Software,100.0,oid pay 11 p payments ptm3196d909dfe14cd28ec3322c4d009c89
2024-01-13,NACH_AD_RTN_CHRG~Of Bnk BFLo~02JAN24~8325ebb~26500,-590.0,debit,bankstatementconverter.com.csv,Others,AI,80.0,nach_ad_rtn_chrg~of bnk bflo~02jan24~8325ebb~
2024-01-13,CAM/72751ORY/CASH DEP-Other/13-01-24/9253,48500.0,credit,bankstatementconverter.com.csv,Others,Software,100.0,cam ory cash dep-other 13-01-24 9253
2024-01-15,ECSRTNCHGS191123_SR946852010GST,-568.25,debit,bankstatementconverter.com.csv,Suspense,AI,80.0,ecsrtnchgs_srgst
2024-01-15,UPL/401546085282/upilite registr/19216812200109002168647982456709564/IC ICI Bank/PTM3A07FFC294E04221,-1900.0,debit,bankstatementconverter.com.csv,Utilities,Software,80.0,upl upilite registr ic ici bank ptm3a07ffc294e
2024-01-15,NACH_AD_RTN_CHRG~Of Bnk BFLo~02DEC23~04ce10e~26500,-589.99,debit,bankstatementconverter.com.csv,Others,AI,80.0,nach_ad_rtn_chrg~of bnk bflo~02dec23~04ce10e~
2024-01-15,UPI/438157156530/Oid22832153664@/8744070@pa ytm/Paytm Payments /PTM4E9C4DCF6ADC4477B2ED5A7CEC3B65B3/,-668.9,debit,bankstatementconverter.com.csv,Salary,Software,100.0,oid pa ytm payments ptm4e9c4dcf6adc4477b2ed5a7cec3b65b3
2024-01-15,UPI/401540663883/UPI/q151756442@ybl/Yes Bank Ltd/ICI7a0f41893c904eb2b74e2d009a07708a/,-180.0,debit,bankstatementconverter.com.csv,Investment,Software,80.0,q ybl yes bank ltd ici7a0fc904eb2b74e2d009aa
2024-01-18,VIN/PAY IRCTC U/202401181024/401804201861/,-1888.87,debit,bankstatementconverter.com.csv,Salary,Software,100.0,vin pay irctc u
2024-01-18,UPI/401838061222/NA/tatastarbucksli/HDFC BANK LTD/PINELABPOSDQR4095298520075989017951/,-1313.0,debit,bankstatementconverter.com.csv,Food,AI,90.0,na tatastarbucksli hdfc bank ltd pinelabposdqr
2024-01-18,UPI/438466587639/UPI Intent/simplonline@ybl/Yes Bank Ltd/ICIbde6229d895c4748b4944d322f0c0c9f/,-2131.0,debit,bankstatementconverter.com.csv,Suspense,AI,50.0,intent simplonline ybl yes bank ltd icibde6229d895c4748b4944d322f0c0c9f
2024-01-20,UPI/438676058957/UPI/paytm-53817591@/Paytm Payments /PYTM4012024348528870413/,-706.82,debit,bankstatementconverter.com.csv,Salary,Software,100.0,- payments pytm
2024-01-22,BIL/000785682469/ICICI BANK CREDIT CA/437551205420,-25007.26,debit,bankstatementconverter.com.csv,EMI,Software,100.0,bil icici bank credit ca
2024-01-22,UPI/438862294909/Oid22890484665@/paytm- ptmbbp@pa/Paytm Payments /PTM3AAE6E2F30A5429F94A68D90E6C9DE14,-1840.0,debit,bankstatementconverter.com.csv,Salary,Software,100.0,oid - ptmbbp pa payments ptm3aae6e2f30a5429f94a68d90e6c9de14
2024-01-29,NACH_AD_RTN_CHRG~Of Bnk BFLo~04DEC23~3a7a477~26500,-172.23,debit,bankstatementconverter.com.csv,Others,AI,80.0,nach_ad_rtn_chrg~of bnk bflo~04dec23~3a7a477~
2024-01-29,NEFT-YESIB40290893818-MAYANK SILK MILLS FOR MAYANK SILK M-SALARY-039963400005372- YESB0000001,50000.0,credit,bankstatementconverter.com.csv,Salary,Software,100.0,neft-yesib-mayank silk mills for mayank silk m-salary-- yesb
2024-01-31,POSDEC CHG/21-12-2023/0626+GST,-29.5,debit,bankstatementconverter.com.csv,Others,AI,85.0,posdec chg 21-12-2023 0626+gst
2024-02-02,CMS/001371970189/SMSOTP__265009521519,-1327.0,debit,bankstatementconverter.com.csv,Suspense,AI,50.0,cms smsotp__
2024-02-05,UPI/440119677624/UPI Intent/cf.simp@icici/ICICI Bank/ICIcfc617ec2d774ffdadff8f9d75d14935/,-4145.05,debit,bankstatementconverter.com.csv,Suspense,Manual,0.0,intent cf.simp icici icici bank icicfc617ec2d774ffdadff8f9d75d
2024-02-05,VSI/NETFLIX /202402042342/403518235354/,-499.0,debit,bankstatementconverter.com.csv,Entertainment,Software,100.0,vsi netflix
2024-02-05,UPI/403615593389/Oid23000327197@/paytm- 72652189@/Paytm Payments /PAYTM40205129523295242252024020510/,-5498.0,debit,bankstatementconverter.com.csv,Salary,Software,100.0,oid - payments paytm
2024-02-06,NEFT-YESIB40370852288-MAYANK SILK MILLS FOR MAYANK SILK M-SALARY HARDIK MODI- 039963400005372-YESB00,50000.0,credit,bankstatementconverter.com.csv,Salary,Software,100.0,neft-yesib-mayank silk mills for mayank silk m-salary hardik modi- -yesb00
2024-02-07,VPS/SKIN GALORE/202402072130/403816803343/MUMBAI,-7400.0,debit,bankstatementconverter.com.csv,Shopping,AI,80.0,vps skin galore mumbai
2024-02-07,NEFT-N038242872947274-HDFCLIFECENTRAL PAY 434-TR000000000025887160-00602300000434- HDFC0000240,18437.0,credit,bankstatementconverter.com.csv,Salary,Software,100.0,neft-n-hdfclifecentral pay 434-tr-- hdfc
2024-02-07,VPS/SKIN GALORE/202402072131/403816804965/THANE,-5152.0,debit,bankstatementconverter.com.csv,Shopping,AI,80.0,vps skin galore thane
2024-02-07,UPI/440415934731/UPI/priyajain140678/Karur Vysya Ban/ICI163d74f26e0243268ba4b1e4ab861561/,-25000.0,debit,bankstatementconverter.com.csv,Utilities,Software,80.0,priyajain karur vysya ban ici163d74f26eba4b1e4ab
2024-02-07,UPI/403854132355/UPI/priyajain140678/Karur Vysya Ban/ICI6bd691a031a0466cb7d894e2f4a0a0a0/,-25000.0,debit,bankstatementconverter.com.csv,Utilities,Software,80.0,priyajain karur vysya ban ici6bd691a031a0466cb7d894e2f4a0a0a0
2024-02-12,UPI/404321812491/UPI/hardikmodi7777h/Tamilnad Mercan/ICIef2f4d2d78a3418f92b524df3d3eed1f/,-1000.0,debit,bankstatementconverter.com.csv,Suspense,AI,60.0,hardikmodi7777h tamilnad mercan icief2f4d2d78a3418f92b524df3d3eed1f
2024-02-12,UPI/440932826421/UPI/preetparmar8016/Kotak Mahindra /ICI57fa27fd2a3044ea9ee5b10ad90141f6/,-10000.0,debit,bankstatementconverter.com.csv,Others,AI,60.0,preetparmar8016 kotak mahindra ici57fa27fd2a3044ea9ee5b10adf6
2024-02-15,UPI/404685080888/UPI/1976667a.qrpos@/IDBI Bank Limit/ICI1b657abbdaae49e7b5ed6a5f431a30aa/,-1690.0,debit,bankstatementconverter.com.csv,Salary,Software,80.0,a.qrpos idbi bank limit ici1b657abbdaae49e7b5ed6a5f431a30aa
2024-02-20,UPI/441707692866/UPI Intent/simpl@axb/Axis Bank Ltd./mozdSb7Stss9uHyrjsb/,-8699.0,debit,bankstatementconverter.com.csv,Suspense,AI,50.0,intent simpl axb axis bank ltd. mozdsb7stss9uhyrjsb
2024-02-21,UPI/441814634575/UPI/q982745107@ybl/Yes Bank Ltd/ICI5c2e91009d584a45abc789da254d78af/,-295.0,debit,bankstatementconverter.com.csv,Investment,Software,80.0,q ybl yes bank ltd ici5c2ed584a45abc789da254d78af
2024-02-21,UPI/441881746019/UPI/hardikmodi7777h/Tamilnad Mercan/ICIafd33baff73d4c54a88e59f2729c57b9/,-2500.0,debit,bankstatementconverter.com.csv,Suspense,AI,60.0,hardikmodi7777h tamilnad mercan iciafd33baff73d4c54a88e59f2729c57b9
2024-02-21,UPI/405272647220/UPI/raghavbajaj033@/EQUITAS SMALL/ICI6cca8ddcce2c43f88941bd988a93f4bf/,-5000.0,debit,bankstatementconverter.com.csv,Others,AI,60.0,raghavbajaj033 equitas small ici6cca8ddcce2c43fbd988a93f4bf
2024-02-22,RTGS-CNRBR52024022274388856-KAMLESH KUMAR MODI-2136101002709-CNRB0002468,1000000.0,credit,bankstatementconverter.com.csv,Suspense,Manual,0.0,rtgs-cnrbr-kamlesh kumar modi--cnrb
2024-02-26,CAM/72751ORY/CASH DEP-Other/26-02-24/8971,96000.0,credit,bankstatementconverter.com.csv,Others,Software,100.0,cam ory cash dep-other 26-02-24 8971
2024-02-26,RTGS/ICICR12024022501876029/KVBL0002119/Priy a kamles,-980000.0,debit,bankstatementconverter.com.csv,Salary,Software,80.0,rtgs icicr kvbl priy a kamles
2024-02-26,MMT/IMPS/405613889887/Mom B583469992/KVBL0002119,-10000.0,debit,bankstatementconverter.com.csv,Food,Software,80.0,mmt imps mom b kvbl
2024-02-26,BIL/NEFT/HS92405634216794/NA/Priya kaml/KVBL0002119,-10000.0,debit,bankstatementconverter.com.csv,Utilities,Software,80.0,bil neft hs na priya kaml kvbl
2024-02-27,BIL/NEFT/HS92405834384399/Mom/Priya kaml/KVBL0002119,-100000.0,debit,bankstatementconverter.com.csv,Utilities,Software,80.0,bil neft hs mom priya kaml kvbl
2024-02-27,ECSRTNCHGS080224_SR965010087,-590.0,debit,bankstatementconverter.com.csv,Others,AI,60.0,ecsrtnchgs_sr
2024-02-27,UPI/442458568621/UPI/PRIYA JAIN/Karur Vysya Ban/ICI14a1ba48e8d34883abde6004ea88fcd7/,-15000.0,debit,bankstatementconverter.com.csv,Utilities,Software,80.0,priya jain karur vysya ban ici14a1ba48e8dabde6004ea88fcd7
2024-03-02,CAM/72751ORY/CASH DEP-Other/02-03-24/189,98500.0,credit,bankstatementconverter.com.csv,Others,Software,100.0,cam ory cash dep-other 02-03-24 189
2024-03-02,CAM/72751ORY/CASH DEP-Other/02-03-24/191,1500.0,credit,bankstatementconverter.com.csv,Others,Software,100.0,cam ory cash dep-other 02-03-24 191
2024-03-04,UPI/442935230928/UPI Intent/Simpl/Axis Bank Ltd./mozhma7wa5KMDBLkveF/,-4955.0,debit,bankstatementconverter.com.csv,Suspense,AI,50.0,intent simpl axis bank ltd. mozhma7wa5kmdblkvef
2024-03-05,UPI/406510968102/Oid23157627056@/paytm- 72652189@/Paytm Payments /PAYTM40305328768330588172024030510/,-5498.0,debit,bankstatementconverter.com.csv,Salary,Software,100.0,oid - payments paytm
2024-03-05,BIL/NEFT/HS92406535595527/NA/Priya kaml/KVBL0002119,-90000.0,debit,bankstatementconverter.com.csv,Utilities,Software,80.0,bil neft hs na priya kaml kvbl
2024-03-05,VSI/NETFLIX /202403050026/406418254810/,-499.0,debit,bankstatementconverter.com.csv,Entertainment,Software,100.0,vsi netflix
2024-03-07,NEFT-YESIB40671305744-MAYANK SILK MILLS FOR MAYANK SILK M-SALARY HARDIK MODI- 039963400005372-YESB00,50000.0,credit,bankstatementconverter.com.csv,Salary,Software,100.0,neft-yesib-mayank silk mills for mayank silk m-salary hardik modi- -yesb00
2024-03-07,CLG/MODI KAMLESHKUMAR/952213/SBI/05.03.2024,350000.0,credit,bankstatementconverter.com.csv,Suspense,Manual,0.0,clg modi kamleshkumar sbi 05.03.2024
2024-03-12,BIL/000810622623/ICICI BANK CREDIT CA/437551205420,-46280.0,debit,bankstatementconverter.com.csv,EMI,Software,100.0,bil icici bank credit ca
2024-03-15,RTGS/ICICR12024031502018787/KVBL0002119/Priy a kamles,-350000.0,debit,bankstatementconverter.com.csv,Salary,Software,80.0,rtgs icicr kvbl priy a kamles
2024-03-20,CashDep Chgs 01-29FEB24+GST,-59.0,debit,bankstatementconverter.com.csv,Others,AI,85.0,cashdep chgs 01-29feb24+gst
2024-03-20,UPI/408034326176/UPI/hardikmodi7777h/Tamilnad Mercan/HDF970f63a672e8409dab6e78bd81f5458c,25000.0,credit,bankstatementconverter.com.csv,Suspense,AI,40.0,hardikmodi7777h tamilnad mercan hdf970f63a672e8409dab6e78bd81f5458c
2024-03-20,UPI/408034329958/UPI/hardikmodi7777h/Tamilnad Mercan/HDFad6a59908cc94e82818a39176c1f2aa9,25000.0,credit,bankstatementconverter.com.csv,Suspense,AI,60.0,hardikmodi7777h tamilnad mercan hdfad6acc94eac1f2aa9
2024-03-20,UPI/408034369957/UPI/hardikmodi7777h/Tamilnad Mercan/HDF4b25220dbcfe4f548fb917a2146ab8bd,25000.0,credit,bankstatementconverter.com.csv,Suspense,AI,40.0,hardikmodi7777h tamilnad mercan hdf4bdbcfe4f548fb917a2146ab8bd
2024-03-20,BIL/NEFT/HS92408037238064/NA/Priya kaml/KVBL0002119,-85000.0,debit,bankstatementconverter.com.csv,Utilities,Software,80.0,bil neft hs na priya kaml kvbl
2024-03-22,UPI/408203402098/UPI/hardikmodi7777h/Tamilnad Mercan/HDFcfcc746163f44e19af9001228add5e6b,1000.0,credit,bankstatementconverter.com.csv,Suspense,AI,60.0,hardikmodi7777h tamilnad mercan hdfcfccf44e19afadd5e6b
2024-03-22,UPI/408203289880/UPI/hardikmodi7777h/Tamilnad Mercan/HDFb048a1ffecaf4e03a629c91c9347c93c,25000.0,credit,bankstatementconverter.com.csv,Suspense,AI,40.0,hardikmodi7777h tamilnad mercan hdfb048a1ffecaf4e03a629c91c9347c93c
2024-03-22,UPI/408251619010/Oid23224575102@/paytm- 72650815@/Yes Bank Ltd/PTM5CD7EF886D4F4850B2A9F2883E4D71E6/,-50102.12,debit,bankstatementconverter.com.csv,Others,AI,60.0,oid - yes bank ltd ptm5cd7ef886d4f4850b2a9f2883e4d71e6
2024-03-22,MMT/IMPS/408210002601/BankAccoun/karza to HARDIK KAM,1.0,credit,bankstatementconverter.com.csv,Others,AI,80.0,mmt imps bankaccoun karza hardik kam
2024-03-22,UPI/408203276169/UPI/hardikmodi7777h/Tamilnad Mercan/HDFe6cea2bcd27544e8904e65286ac2113e,25000.0,credit,bankstatementconverter.com.csv,Suspense,AI,50.0,hardikmodi7777h tamilnad mercan hdfe6cea2bcde8904eac2113e
2024-03-30,120001002872:Int.Pd:30-12-2023 to 29-03-2024,700.0,credit,bankstatementconverter.com.csv,Utilities,Software,80.0,int.pd 30-12-2023 29-03-2024
2024-03-31,MMT/IMPS/409113828070/Accountvalidati/COMPU TER A/IDFC bank,1.0,credit,bankstatementconverter.com.csv,Salary,Software,80.0,mmt imps accountvalidati compu ter a idfc bank
2024-03-31,MMT/IMPS/409111714409/Accountvalidati/COMPU TER A/IDFC bank,1.0,credit,bankstatementconverter.com.csv,Salary,Software,80.0,mmt imps accountvalidati compu ter a idfc bank
2024-03-31,UPI/409169553067/UPI/hardikmodi7777h/Tamilnad Mercan/HDF277f7970e69c4f32a4e379464fc5fb20,25000.0,credit,bankstatementconverter.com.csv,Suspense,AI,60.0,hardikmodi7777h tamilnad mercan hdf277f7970e69c4f32a4efc5fb20
